State,Year,Position,District,Candidate,Party,Predicted Vote Share,Actual Vote Share,Error,Predicted Win Probability,Total Money,Incumbent,Predicted Upper Win Probability,Predicted Lower Win Probability,Unrounded Predicted Vote Share,Unrounded Actual Vote Share,Unrounded Error
MA,2018,Attorney General,Statewide,Maura Healey,DEM,64.96,69.96,-5.0,99.99,3339740.85,Yes,,,64.96053346512932,69.95820519357487,-5.0
MA,2018,Attorney General,Statewide,James McMahon III,REP,35.04,30.04,5.0,0.01,91477.73,No,,,35.03946653487069,30.041794806425138,5.0
MA,2018,Governor,Statewide,Jay Gonzalez,DEM,39.41,33.21,6.2,0.01,1696013.38,No,,,39.407057559712975,33.21084124357779,6.199999999999996
MA,2018,Governor,Statewide,Charles Baker,REP,60.59,66.79,-6.2,99.99,30489398.15,Yes,,,60.592942440287025,66.78915875642221,-6.200000000000003
MA,2018,Secretary Of State,Statewide,William Galvin,DEM,66.49,70.86,-4.37,99.99,1047676.17,Yes,,,66.49215918688549,70.86491847418806,-4.3700000000000045
MA,2018,Secretary Of State,Statewide,Anthony Amore,REP,33.51,25.34,8.16,0.01,29237.08,No,,,33.50784081311451,25.343618772776882,8.169999999999998
MA,2018,State Representative,10Th Bristol,William Straus,DEM,100.0,100.0,0.0,100.00,41327.93,Yes,100.00,100.00,100.0,100.0,0.0
MA,2018,State Representative,10Th Essex,Daniel Cahill,DEM,100.0,100.0,0.0,100.00,28737.55,Yes,100.00,100.00,100.0,100.0,0.0
MA,2018,State Representative,10Th Hampden,Carlos Gonzalez,DEM,100.0,100.0,0.0,100.00,3719.52,Yes,100.00,100.00,100.0,100.0,0.0
MA,2018,State Representative,10Th Middlesex,John Lawn Jr.,DEM,100.0,100.0,0.0,100.00,31487.16,Yes,100.00,100.00,100.0,100.0,0.0
MA,2018,State Representative,10Th Norfolk,Jeffrey Roy,DEM,57.83,58.53,-0.7,99.89,53793.16,Yes,99.99,95.75,57.82717577195291,58.52607826042361,-0.7000000000000028
MA,2018,State Representative,10Th Norfolk,Patrick Casey,REP,42.17,41.47,0.7,0.11,18163.22,No,4.25,0.01,42.17282422804709,41.47392173957638,0.7000000000000028
MA,2018,State Representative,10Th Plymouth,Michelle Marie Dubois,DEM,61.54,56.44,5.1,99.99,12411.44,Yes,99.99,99.92,61.54311329974039,56.440893665158384,5.100000000000001
MA,2018,State Representative,10Th Plymouth,John Cruz,REP,38.46,43.56,-5.1,0.01,0.0,No,0.08,0.01,38.45688670025961,43.55910633484163,-5.100000000000001
MA,2018,State Representative,10Th Suffolk,Edward Coppinger,DEM,100.0,100.0,0.0,100.00,76010.0,Yes,100.00,100.00,100.0,100.0,0.0
MA,2018,State Representative,10Th Worcester,Brian Murray,DEM,58.0,56.11,1.89,99.91,22665.0,Yes,99.99,96.34,58.00259357465072,56.11114333778061,1.8900000000000006
MA,2018,State Representative,10Th Worcester,Sandra Slattery Biagetti,REP,42.0,43.89,-1.89,0.09,7042.0,No,3.66,0.01,41.99740642534929,43.88885666221939,-1.8900000000000006
MA,2018,State Representative,11Th Bristol,Christopher Hendricks,DEM,100.0,100.0,0.0,100.00,25849.65,No,100.00,100.00,100.0,100.0,0.0
MA,2018,State Representative,11Th Essex,Pete Capano,DEM,100.0,100.0,0.0,100.00,73605.0,No,100.00,100.00,100.0,100.0,0.0
MA,2018,State Representative,11Th Hampden,Bud Williams,DEM,100.0,100.0,0.0,100.00,47125.0,Yes,100.00,100.00,100.0,100.0,0.0
MA,2018,State Representative,11Th Middlesex,Kay Khan,DEM,100.0,100.0,0.0,100.00,3800.0,Yes,100.00,100.00,100.0,100.0,0.0
MA,2018,State Representative,11Th Norfolk,Paul McMurtry,DEM,61.26,67.05,-5.78,99.99,72299.0,Yes,99.99,99.89,61.262788184912345,67.0453460620525,-5.789999999999999
MA,2018,State Representative,11Th Norfolk,John McDonald,REP,38.74,32.95,5.78,0.01,5208.3,No,0.11,0.01,38.737211815087655,32.95465393794749,5.789999999999999
MA,2018,State Representative,11Th Plymouth,Claire Cronin,DEM,100.0,100.0,0.0,100.00,84871.0,Yes,100.00,100.00,100.0,100.0,0.0
MA,2018,State Representative,11Th Suffolk,Elizabeth Malia,DEM,100.0,100.0,0.0,100.00,40170.0,Yes,100.00,100.00,100.0,100.0,0.0
MA,2018,State Representative,11Th Worcester,Hannah Kane,REP,100.0,100.0,0.0,100.00,85861.68,Yes,100.00,100.00,100.0,100.0,0.0
MA,2018,State Representative,12Th Bristol,Allin John Frawley,DEM,53.99,47.89,6.1,94.18,9350.0,No,99.82,58.45,53.99142824501835,47.89460570574311,6.100000000000001
MA,2018,State Representative,12Th Bristol,Norman Orrall,REP,46.01,52.11,-6.1,5.82,12725.09,No,41.55,0.18,46.00857175498165,52.10539429425689,-6.100000000000001
MA,2018,State Representative,12Th Essex,Thomas Walsh,DEM,100.0,100.0,0.0,100.00,20627.54,Yes,100.00,100.00,100.0,100.0,0.0
MA,2018,State Representative,12Th Hampden,Angelo Puppolo Jr.,DEM,60.1,77.55,-17.45,99.99,79536.39,Yes,99.99,99.55,60.098274110124656,77.54710954966464,-17.449999999999996
MA,2018,State Representative,12Th Middlesex,Ruth Balser,DEM,100.0,100.0,0.0,100.00,22033.6,Yes,100.00,100.00,100.0,100.0,0.0
MA,2018,State Representative,12Th Norfolk,John Rogers,DEM,100.0,100.0,0.0,100.00,29262.19,Yes,100.00,100.00,100.0,100.0,0.0
MA,2018,State Representative,12Th Plymouth,Kathleen Lanatra,DEM,56.31,52.53,3.78,99.34,19258.44,No,99.99,87.0,56.31120575285709,52.53463085248996,3.780000000000001
MA,2018,State Representative,12Th Plymouth,Joseph Truschelli,REP,43.69,47.47,-3.78,0.66,6250.0,No,13.0,0.01,43.68879424714292,47.46536914751004,-3.780000000000001
MA,2018,State Representative,12Th Suffolk,Dan Cullinane,DEM,100.0,100.0,0.0,100.00,73224.0,Yes,100.00,100.00,100.0,100.0,0.0
MA,2018,State Representative,12Th Worcester,Harold Naughton Jr.,DEM,58.22,75.42,-17.19,99.93,85086.66,Yes,99.99,96.98,58.22092393588481,75.41565687876907,-17.200000000000003
MA,2018,State Representative,13Th Bristol,Antonio D Cabral,DEM,67.72,78.77,-11.05,99.99,51675.0,Yes,> 99.99,99.99,67.72218497525586,78.77050005030686,-11.049999999999997
MA,2018,State Representative,13Th Essex,Theodore Speliotis,DEM,58.23,51.44,6.78,99.93,34445.06,Yes,99.99,96.99,58.22591516688485,51.44255018662363,6.789999999999999
MA,2018,State Representative,13Th Essex,Mark Mezzina,REP,41.77,48.56,-6.78,0.07,22665.0,No,3.01,0.01,41.77408483311516,48.55744981337637,-6.789999999999999
MA,2018,State Representative,13Th Middlesex,Carmine Lawrence Gentile,DEM,100.0,100.0,0.0,100.00,12960.0,Yes,100.00,100.00,100.0,100.0,0.0
MA,2018,State Representative,13Th Norfolk,Denise Garlick,DEM,100.0,100.0,0.0,100.00,129243.13,Yes,100.00,100.00,100.0,100.0,0.0
MA,2018,State Representative,13Th Suffolk,Daniel Hunt,DEM,100.0,100.0,0.0,100.00,85027.03,Yes,100.00,100.00,100.0,100.0,0.0
MA,2018,State Representative,13Th Worcester,John Mahoney,DEM,100.0,100.0,0.0,100.00,49140.0,Yes,100.00,100.00,100.0,100.0,0.0
MA,2018,State Representative,14Th Bristol,Elizabeth Poirier,REP,100.0,100.0,0.0,100.00,13830.93,Yes,100.00,100.00,100.0,100.0,0.0
MA,2018,State Representative,14Th Essex,Christina Minicucci,DEM,58.19,64.46,-6.27,99.93,57893.0,No,99.99,96.88,58.185982354017064,64.45986124876116,-6.269999999999996
MA,2018,State Representative,14Th Essex,Ryan Losco,REP,41.81,35.54,6.27,0.07,15625.0,No,3.12,0.01,41.81401764598292,35.54013875123885,6.270000000000003
MA,2018,State Representative,14Th Middlesex,Tami Gouveia,DEM,57.48,90.02,-32.53,99.83,45570.83,No,99.99,94.39,57.48462526649812,90.01755039089507,-32.54
MA,2018,State Representative,14Th Norfolk,Alice Hanlon Peisch,DEM,100.0,100.0,0.0,100.00,26492.41,Yes,100.00,100.00,100.0,100.0,0.0
MA,2018,State Representative,14Th Suffolk,Angelo Scaccia,DEM,100.0,100.0,0.0,100.00,41031.34,Yes,100.00,100.00,100.0,100.0,0.0
MA,2018,State Representative,14Th Worcester,James Oday,DEM,100.0,100.0,0.0,100.00,44715.0,Yes,100.00,100.00,100.0,100.0,0.0
MA,2018,State Representative,15Th Essex,Linda Dean Campbell,DEM,54.84,79.53,-24.69,97.14,16470.0,Yes,99.94,70.74,54.83567869020959,79.52761057314841,-24.689999999999998
MA,2018,State Representative,15Th Middlesex,Michelle Ciccolo,DEM,100.0,100.0,0.0,100.00,99017.0,No,100.00,100.00,100.0,100.0,0.0
MA,2018,State Representative,15Th Norfolk,Tommy Vitolo,DEM,100.0,100.0,0.0,100.00,44801.0,No,100.00,100.00,100.0,100.0,0.0
MA,2018,State Representative,15Th Suffolk,Nika Elugardo,DEM,100.0,100.0,0.0,100.00,115661.0,No,100.00,100.00,100.0,100.0,0.0
MA,2018,State Representative,15Th Worcester,Mary Keefe,DEM,100.0,100.0,0.0,100.00,16086.06,Yes,100.00,100.00,100.0,100.0,0.0
MA,2018,State Representative,16Th Essex,Marcos Devers,DEM,100.0,100.0,0.0,100.00,19275.0,No,100.00,100.00,100.0,100.0,0.0
MA,2018,State Representative,16Th Middlesex,Thomas Golden Jr.,DEM,100.0,100.0,0.0,100.00,141220.0,Yes,100.00,100.00,100.0,100.0,0.0
MA,2018,State Representative,16Th Suffolk,Roselee Vincent,DEM,100.0,100.0,0.0,100.00,25453.89,Yes,100.00,100.00,100.0,100.0,0.0
MA,2018,State Representative,16Th Worcester,Daniel Donahue,DEM,100.0,100.0,0.0,100.00,28050.18,Yes,100.00,100.00,100.0,100.0,0.0
MA,2018,State Representative,17Th Essex,Frank Moran,DEM,100.0,100.0,0.0,100.00,15732.68,Yes,100.00,100.00,100.0,100.0,0.0
MA,2018,State Representative,17Th Middlesex,David Nangle,DEM,100.0,100.0,0.0,100.00,95244.18,Yes,100.00,100.00,100.0,100.0,0.0
MA,2018,State Representative,17Th Suffolk,Kevin Honan,DEM,100.0,100.0,0.0,100.00,88810.0,Yes,100.00,100.00,100.0,100.0,0.0
MA,2018,State Representative,17Th Worcester,David Henry Argosky Leboeuf,DEM,55.63,59.35,-3.73,98.66,32039.26,No,99.98,80.43,55.62700730373985,59.354838709677416,-3.719999999999999
MA,2018,State Representative,17Th Worcester,Paul Fullen,REP,44.37,40.65,3.73,1.34,14130.0,No,19.57,0.02,44.37299269626014,40.645161290322584,3.719999999999999
MA,2018,State Representative,18Th Essex,Tram Nguyen,DEM,49.44,54.88,-5.44,41.29,130015.95,No,87.23,5.74,49.44037486186103,54.884705882352954,-5.440000000000005
MA,2018,State Representative,18Th Essex,James Lyons Jr.,REP,50.56,45.12,5.44,58.71,90078.22,Yes,94.26,12.77,50.55962513813898,45.11529411764707,5.440000000000005
MA,2018,State Representative,18Th Middlesex,Rady Mom,DEM,100.0,100.0,0.0,100.00,17299.01,Yes,100.00,100.00,100.0,100.0,0.0
MA,2018,State Representative,18Th Suffolk,Michael Moran,DEM,100.0,100.0,0.0,100.00,176391.47,Yes,100.00,100.00,100.0,100.0,0.0
MA,2018,State Representative,18Th Worcester,Joseph McKenna,REP,100.0,100.0,0.0,100.00,9850.0,Yes,100.00,100.00,100.0,100.0,0.0
MA,2018,State Representative,19Th Middlesex,David Allen Robertson,DEM,49.6,48.25,1.34,91.87,8440.0,No,99.7,51.59,49.59606448198476,48.252411829827615,1.3500000000000014
MA,2018,State Representative,19Th Middlesex,Pina Prinzivalli,REP,42.5,43.48,-0.98,8.13,19335.0,No,48.41,0.3,42.49634887023785,43.47619800727503,-0.9799999999999969
MA,2018,State Representative,19Th Suffolk,Robert Deleo,DEM,100.0,100.0,0.0,100.00,935618.06,Yes,100.00,100.00,100.0,100.0,0.0
MA,2018,State Representative,1St Barnstable,Steven Leibowitz,DEM,48.96,41.48,7.48,34.07,7662.24,No,82.81,3.86,48.95658487939807,41.4796270718232,7.480000000000004
MA,2018,State Representative,1St Barnstable,Timothy Whelan,REP,51.04,58.52,-7.48,65.93,67892.47,Yes,96.14,17.19,51.04341512060194,58.52037292817679,-7.480000000000004
MA,2018,State Representative,1St Berkshire,John Barrett III,DEM,100.0,100.0,0.0,100.00,6375.0,Yes,100.00,100.00,100.0,100.0,0.0
MA,2018,State Representative,1St Bristol,Fred Barrows,REP,100.0,100.0,0.0,100.00,1790.0,Yes,100.00,100.00,100.0,100.0,0.0
MA,2018,State Representative,1St Essex,Jennifer Rocco-Runnion,DEM,51.4,47.3,4.09,70.89,19141.0,No,97.17,20.99,51.398597964589605,47.30361523862426,4.100000000000001
MA,2018,State Representative,1St Essex,James Kelcourse,REP,48.6,52.7,-4.09,29.11,83514.04,Yes,79.01,2.83,48.601402035410395,52.69638476137574,-4.100000000000001
MA,2018,State Representative,1St Franklin,Natalie Blais,DEM,100.0,100.0,0.0,100.00,41691.0,No,100.00,100.00,100.0,100.0,0.0
MA,2018,State Representative,1St Hampden,Tanya Neslusan,DEM,48.53,32.71,15.83,28.18,11523.09,No,78.22,2.66,48.53219499101221,32.705978324204644,15.82
MA,2018,State Representative,1St Hampden,Todd Smola,REP,51.47,67.29,-15.83,71.82,23760.0,Yes,97.34,21.78,51.46780500898779,67.29402167579535,-15.820000000000007
MA,2018,State Representative,1St Hampshire,Lindsay Sabadosa,DEM,100.0,100.0,0.0,100.00,33818.41,No,100.00,100.00,100.0,100.0,0.0
MA,2018,State Representative,1St Middlesex,Sheila Harrington,REP,100.0,100.0,0.0,100.00,11095.0,Yes,100.00,100.00,100.0,100.0,0.0
MA,2018,State Representative,1St Norfolk,Bruce Ayers,DEM,100.0,100.0,0.0,100.00,46390.0,Yes,100.00,100.00,100.0,100.0,0.0
MA,2018,State Representative,1St Plymouth,John Mahoney Jr.,DEM,49.12,47.7,1.42,36.47,14195.0,No,84.41,4.43,49.12061012828992,47.698906076815575,1.4199999999999946
MA,2018,State Representative,1St Plymouth,Mathew Muratore,REP,50.88,52.3,-1.42,63.53,34446.29,Yes,95.57,15.59,50.87938987171009,52.301093923184425,-1.4199999999999946
MA,2018,State Representative,1St Suffolk,Adrian Madaro,DEM,100.0,100.0,0.0,100.00,185660.39,Yes,100.00,100.00,100.0,100.0,0.0
MA,2018,State Representative,1St Worcester,Kimberly Ferguson,REP,55.38,77.89,-22.51,98.28,3850.0,Yes,99.97,77.64,55.38062275744559,77.8904565941603,-22.509999999999998
MA,2018,State Representative,20Th Middlesex,Bradley Jones Jr.,REP,100.0,100.0,0.0,100.00,98301.74,Yes,100.00,100.00,100.0,100.0,0.0
MA,2018,State Representative,21St Middlesex,Kenneth Gordon,DEM,100.0,100.0,0.0,100.00,32584.87,Yes,100.00,100.00,100.0,100.0,0.0
MA,2018,State Representative,22Nd Middlesex,Christopher Tribou,DEM,44.1,37.58,6.52,23.83,2782.0,No,74.06,1.93,44.102398719570864,37.58423757852656,6.520000000000003
MA,2018,State Representative,22Nd Middlesex,Marc Lombardo,REP,47.72,60.59,-12.87,76.17,23940.0,Yes,98.07,25.94,47.72061619611685,60.593946316390635,-12.870000000000005
MA,2018,State Representative,23Rd Middlesex,Sean Garballey,DEM,100.0,100.0,0.0,100.00,19616.18,Yes,100.00,100.00,100.0,100.0,0.0
MA,2018,State Representative,24Th Middlesex,David Rogers,DEM,100.0,100.0,0.0,100.00,17535.0,Yes,100.00,100.00,100.0,100.0,0.0
MA,2018,State Representative,25Th Middlesex,Marjorie Decker,DEM,100.0,100.0,0.0,100.00,80720.0,Yes,100.00,100.00,100.0,100.0,0.0
MA,2018,State Representative,26Th Middlesex,Mike Connolly,DEM,100.0,100.0,0.0,100.00,80089.6,Yes,100.00,100.00,100.0,100.0,0.0
MA,2018,State Representative,27Th Middlesex,Denise Provost,DEM,100.0,100.0,0.0,100.00,11643.47,Yes,100.00,100.00,100.0,100.0,0.0
MA,2018,State Representative,28Th Middlesex,Joseph McGonagle Jr.,DEM,100.0,100.0,0.0,100.00,58575.0,Yes,100.00,100.00,100.0,100.0,0.0
MA,2018,State Representative,29Th Middlesex,Jonathan Hecht,DEM,100.0,100.0,0.0,100.00,177.45,Yes,100.00,100.00,100.0,100.0,0.0
MA,2018,State Representative,2Nd Barnstable,Paul Cusack,DEM,50.71,47.96,2.75,61.01,36360.0,No,94.91,14.06,50.71078031730249,47.95902032975828,2.75
MA,2018,State Representative,2Nd Barnstable,William Crocker Jr.,REP,49.29,52.04,-2.75,38.99,86919.69,Yes,85.94,5.09,49.28921968269751,52.04097967024172,-2.75
MA,2018,State Representative,2Nd Berkshire,Paul Mark,DEM,100.0,100.0,0.0,100.00,44423.6,Yes,100.00,100.00,100.0,100.0,0.0
MA,2018,State Representative,2Nd Bristol,James Hawkins,DEM,56.42,56.13,0.29,99.42,23318.67,Yes,99.99,87.86,56.417003772015704,56.129002660794576,0.28999999999999915
MA,2018,State Representative,2Nd Bristol,Julie Hall,REP,43.58,43.87,-0.29,0.58,34657.65,No,12.14,0.01,43.58299622798429,43.870997339205424,-0.28999999999999915
MA,2018,State Representative,2Nd Essex,Christina Eckert,DEM,49.67,49.29,0.38,44.91,36634.0,No,89.05,6.88,49.6746324243185,49.29109049536146,0.38000000000000256
MA,2018,State Representative,2Nd Essex,Leonard Mirra,REP,50.33,50.71,-0.38,55.09,13668.18,Yes,93.12,10.95,50.3253675756815,50.70890950463854,-0.38000000000000256
MA,2018,State Representative,2Nd Franklin,John William Arena,DEM,47.99,29.72,18.27,21.47,2351.0,No,71.46,1.59,47.99164546680778,29.72146089616929,18.270000000000003
MA,2018,State Representative,2Nd Hampden,Brian Michael Ashe,DEM,55.89,56.07,-0.18,98.97,27920.0,Yes,99.98,83.15,55.88883878437886,56.07190276784802,-0.17999999999999972
MA,2018,State Representative,2Nd Hampden,Allison Werder,REP,44.11,43.93,0.18,1.03,52025.0,No,16.85,0.02,44.111161215621145,43.92809723215198,0.17999999999999972
MA,2018,State Representative,2Nd Hampshire,Daniel Carey,DEM,59.84,74.29,-14.46,99.99,19268.17,No,99.99,99.4,59.83639068843506,74.29440081074233,-14.450000000000003
MA,2018,State Representative,2Nd Hampshire,Donald Peltier,REP,40.16,25.71,14.46,0.01,1000.0,No,0.6,0.01,40.16360931156494,25.705599189257665,14.449999999999996
MA,2018,State Representative,2Nd Middlesex,James Arciero,DEM,60.11,64.42,-4.31,99.99,76608.0,Yes,99.99,99.56,60.10563311407753,64.41891891891892,-4.310000000000002
MA,2018,State Representative,2Nd Middlesex,Kathleen Lynch,REP,39.89,35.58,4.31,0.01,13268.1,No,0.44,0.01,39.89436688592247,35.58108108108108,4.310000000000002
MA,2018,State Representative,2Nd Norfolk,Tackey Chan,DEM,64.99,70.71,-5.73,99.99,118661.0,Yes,99.99,99.99,64.98693211509375,70.71234870031088,-5.719999999999999
MA,2018,State Representative,2Nd Norfolk,William Burke,REP,35.01,29.29,5.73,0.01,2580.25,No,0.01,0.01,35.01306788490627,29.28765129968913,5.719999999999999
MA,2018,State Representative,2Nd Plymouth,Sarah Hewins,DEM,49.83,43.27,6.56,47.35,22843.5,No,90.16,7.73,49.83088688477143,43.27089836975372,6.559999999999995
MA,2018,State Representative,2Nd Plymouth,Susan Gifford,REP,50.17,56.73,-6.56,52.65,12745.0,Yes,92.27,9.84,50.16911311522857,56.72910163024628,-6.559999999999995
MA,2018,State Representative,2Nd Suffolk,Daniel Joseph Ryan,DEM,100.0,100.0,0.0,100.00,81994.0,Yes,100.00,100.00,100.0,100.0,0.0
MA,2018,State Representative,2Nd Worcester,Jonathan Zlotnik,DEM,54.34,53.83,0.51,99.93,26613.0,Yes,99.99,96.78,54.343598618717095,53.8332999131074,0.5100000000000051
MA,2018,State Representative,2Nd Worcester,Edward Gravel,REP,38.05,43.34,-5.29,0.07,8971.76,No,3.22,0.01,38.047410105104944,43.33934897399906,-5.290000000000006
MA,2018,State Representative,30Th Middlesex,Richard Haggerty,DEM,59.81,69.9,-10.1,99.99,51911.0,No,99.99,99.38,59.80741190873379,69.90358126721763,-10.090000000000003
MA,2018,State Representative,30Th Middlesex,Claire Malaguti,REP,40.19,30.1,10.1,0.01,985.0,No,0.62,0.01,40.19258809126622,30.096418732782375,10.089999999999996
MA,2018,State Representative,31St Middlesex,Michael Day,DEM,55.89,59.4,-3.51,99.99,53144.22,Yes,99.99,99.09,55.885900377455386,59.39598848631608,-3.509999999999998
MA,2018,State Representative,31St Middlesex,Caroline Colarusso,REP,36.97,37.44,-0.47,0.01,21045.0,No,0.91,0.01,36.97205026287232,37.442317357335405,-0.46999999999999886
MA,2018,State Representative,32Nd Middlesex,Paul Brodeur,DEM,100.0,100.0,0.0,100.00,48610.0,Yes,100.00,100.00,100.0,100.0,0.0
MA,2018,State Representative,33Rd Middlesex,Steven Rocco Ultrino,DEM,100.0,100.0,0.0,100.00,26755.74,Yes,100.00,100.00,100.0,100.0,0.0
MA,2018,State Representative,34Th Middlesex,Christine Barber,DEM,100.0,100.0,0.0,100.00,45172.61,Yes,100.00,100.00,100.0,100.0,0.0
MA,2018,State Representative,35Th Middlesex,Paul Donato,DEM,100.0,100.0,0.0,100.00,120086.76,Yes,100.00,100.00,100.0,100.0,0.0
MA,2018,State Representative,36Th Middlesex,Colleen Garry,DEM,58.14,63.21,-5.07,99.93,31935.0,Yes,99.99,96.74,58.13700459462859,63.20942582144042,-5.07
MA,2018,State Representative,36Th Middlesex,Raymond Leczynski,REP,41.86,36.79,5.07,0.07,6660.0,No,3.26,0.01,41.86299540537141,36.790574178559574,5.07
MA,2018,State Representative,37Th Middlesex,Jennifer Benson,DEM,100.0,100.0,0.0,100.00,76020.79,Yes,100.00,100.00,100.0,100.0,0.0
MA,2018,State Representative,3Rd Barnstable,David Vieira,REP,100.0,100.0,0.0,100.00,14400.0,Yes,100.00,100.00,100.0,100.0,0.0
MA,2018,State Representative,3Rd Berkshire,Tricia Farley-Bouvier,DEM,100.0,100.0,0.0,100.00,21556.0,Yes,100.00,100.00,100.0,100.0,0.0
MA,2018,State Representative,3Rd Bristol,Emily Jm Farrer,DEM,49.55,38.49,11.06,42.91,4722.08,No,88.07,6.23,49.54559532784727,38.4899254557532,11.059999999999995
MA,2018,State Representative,3Rd Bristol,Shaunna Oconnell,REP,50.45,61.51,-11.06,57.09,63938.58,Yes,93.77,11.93,50.45440467215274,61.51007454424682,-11.059999999999995
MA,2018,State Representative,3Rd Essex,Andres Vargas,DEM,100.0,100.0,0.0,100.00,11400.0,Yes,100.00,100.00,100.0,100.0,0.0
MA,2018,State Representative,3Rd Hampden,Forrest Bradford,DEM,45.23,34.0,11.23,3.04,450.0,No,30.22,0.07,45.234766964144185,34.00326896301229,11.229999999999997
MA,2018,State Representative,3Rd Hampden,Nicholas Boldyga,REP,54.77,66.0,-11.23,96.96,24601.0,Yes,99.93,69.78,54.765233035855815,65.99673103698771,-11.229999999999997
MA,2018,State Representative,3Rd Hampshire,Mindy Domb,DEM,65.23,75.16,-9.93,99.99,31390.0,No,99.99,99.99,65.23071303380132,75.16235067746331,-9.929999999999993
MA,2018,State Representative,3Rd Middlesex,Kate Hogan,DEM,100.0,100.0,0.0,100.00,85959.39,Yes,100.00,100.00,100.0,100.0,0.0
MA,2018,State Representative,3Rd Norfolk,Ronald Mariano,DEM,60.81,68.83,-8.02,99.99,230837.0,Yes,99.99,99.81,60.81199702420057,68.83141885387923,-8.019999999999996
MA,2018,State Representative,3Rd Norfolk,Stephen Tougas,REP,39.19,31.17,8.02,0.01,7811.14,No,0.19,0.01,39.188002975799435,31.16858114612077,8.019999999999996
MA,2018,State Representative,3Rd Plymouth,Joan Meschino,DEM,59.29,57.03,2.26,99.98,54060.0,Yes,99.99,98.92,59.29198164638843,57.03274629793993,2.259999999999998
MA,2018,State Representative,3Rd Plymouth,Kristen Arute,REP,40.71,42.97,-2.26,0.02,15135.0,No,1.08,0.01,40.70801835361157,42.96725370206008,-2.259999999999998
MA,2018,State Representative,3Rd Suffolk,Aaron Michlewitz,DEM,100.0,100.0,0.0,100.00,262167.17,Yes,100.00,100.00,100.0,100.0,0.0
MA,2018,State Representative,3Rd Worcester,Stephan Hay,DEM,63.1,68.63,-5.54,99.99,20234.0,Yes,99.99,99.99,63.09595272087062,68.63218946350894,-5.529999999999994
MA,2018,State Representative,3Rd Worcester,Elmer Eubanks-Archbold,REP,36.9,31.37,5.54,0.01,2690.0,No,0.01,0.01,36.90404727912938,31.36781053649106,5.529999999999998
MA,2018,State Representative,4Th Barnstable,Sarah Peake,DEM,100.0,100.0,0.0,100.00,44822.98,Yes,100.00,100.00,100.0,100.0,0.0
MA,2018,State Representative,4Th Berkshire,William Pignatelli,DEM,100.0,100.0,0.0,100.00,49050.0,Yes,100.00,100.00,100.0,100.0,0.0
MA,2018,State Representative,4Th Bristol,Steven Howitt,REP,100.0,100.0,0.0,100.00,29596.77,Yes,100.00,100.00,100.0,100.0,0.0
MA,2018,State Representative,4Th Essex,Allison Gustavson,DEM,49.45,43.66,5.79,41.38,64932.64,No,87.28,5.77,49.4465215530318,43.657766783246615,5.790000000000006
MA,2018,State Representative,4Th Essex,Bradford Hill,REP,50.55,56.34,-5.79,58.62,40346.12,Yes,94.23,12.72,50.553478446968185,56.342233216753385,-5.790000000000006
MA,2018,State Representative,4Th Hampden,John Velis,DEM,100.0,100.0,0.0,100.00,23898.55,Yes,100.00,100.00,100.0,100.0,0.0
MA,2018,State Representative,4Th Middlesex,Danielle Gregoire,DEM,58.51,63.56,-5.05,99.95,27163.05,Yes,99.99,97.67,58.50563157607164,63.559531153608894,-5.050000000000004
MA,2018,State Representative,4Th Middlesex,Paul Ferro,REP,41.49,36.44,5.05,0.05,15152.6,No,2.33,0.01,41.494368423928364,36.44046884639111,5.050000000000004
MA,2018,State Representative,4Th Norfolk,James Murphy,DEM,100.0,100.0,0.0,100.00,43625.0,Yes,100.00,100.00,100.0,100.0,0.0
MA,2018,State Representative,4Th Plymouth,Patrick Joseph Kearney,DEM,51.16,57.07,-5.91,99.86,70829.0,No,99.99,94.98,51.156121180907405,57.07091707091707,-5.910000000000004
MA,2018,State Representative,4Th Plymouth,Edward Oconnell,REP,35.91,33.91,1.99,0.14,11681.88,No,5.02,0.01,35.90575791793456,33.910833910833915,2.0
MA,2018,State Representative,4Th Suffolk,David Biele,DEM,100.0,100.0,0.0,100.00,65838.18,No,100.00,100.00,100.0,100.0,0.0
MA,2018,State Representative,4Th Worcester,Natalie Higgins,DEM,57.85,56.27,1.58,99.90,21776.58,Yes,99.99,95.84,57.8530170944182,56.27073656270737,1.5799999999999983
MA,2018,State Representative,4Th Worcester,Richard Palmieri,REP,42.15,43.73,-1.58,0.1,11230.0,No,4.16,0.01,42.1469829055818,43.729263437292644,-1.5799999999999983
MA,2018,State Representative,5Th Barnstable,Jack Stanton,DEM,49.81,42.8,7.01,47.09,16112.58,No,90.05,7.64,49.814407210037544,42.80029843322557,7.010000000000005
MA,2018,State Representative,5Th Barnstable,Randy Hunt,REP,50.19,57.2,-7.01,52.91,20410.0,Yes,92.36,9.96,50.185592789962435,57.19970156677442,-7.010000000000005
MA,2018,State Representative,5Th Bristol,Patricia Haddad,DEM,100.0,100.0,0.0,100.00,69512.04,Yes,100.00,100.00,100.0,100.0,0.0
MA,2018,State Representative,5Th Essex,Ann-Margaret Ferrante,DEM,59.64,71.5,-11.86,99.99,54139.0,Yes,99.99,99.25,59.640702389408254,71.4990811236545,-11.86
MA,2018,State Representative,5Th Hampden,Aaron Vega,DEM,100.0,100.0,0.0,100.00,41313.81,Yes,100.00,100.00,100.0,100.0,0.0
MA,2018,State Representative,5Th Middlesex,David Paul Linsky,DEM,100.0,100.0,0.0,100.00,3100.6,Yes,100.00,100.00,100.0,100.0,0.0
MA,2018,State Representative,5Th Norfolk,Mark James Cusack,DEM,100.0,100.0,0.0,100.00,86505.0,Yes,100.00,100.00,100.0,100.0,0.0
MA,2018,State Representative,5Th Plymouth,Alison Demong,DEM,49.91,48.26,1.64,48.52,0.0,No,90.66,8.16,49.905353227993864,48.26258589599883,1.6499999999999986
MA,2018,State Representative,5Th Plymouth,David Decoste,REP,50.09,51.74,-1.64,51.48,25280.0,Yes,91.84,9.34,50.094646772006136,51.73741410400117,-1.6499999999999986
MA,2018,State Representative,5Th Suffolk,Liz Miranda,DEM,75.72,89.01,-13.29,> 99.99,49611.25,No,> 99.99,> 99.99,75.71646458131833,89.00835073068893,-13.290000000000006
MA,2018,State Representative,5Th Worcester,Jean Anne Strauss,DEM,51.73,40.51,11.22,75.18,27343.01,No,97.92,24.92,51.7287884752421,40.51161725992904,11.219999999999999
MA,2018,State Representative,5Th Worcester,Donald Berthiaume Jr.,REP,48.27,59.49,-11.22,24.82,4275.0,Yes,75.08,2.08,48.27121152475791,59.488382740070975,-11.219999999999999
MA,2018,State Representative,6Th Bristol,Carole Fiola,DEM,64.5,62.22,2.28,99.99,84936.36,Yes,99.99,99.99,64.50088109648412,62.222818311874114,2.280000000000001
MA,2018,State Representative,6Th Bristol,David Steinhof,REP,35.5,37.78,-2.28,0.01,16620.0,No,0.01,0.01,35.499118903515885,37.77718168812589,-2.280000000000001
MA,2018,State Representative,6Th Essex,Jerald Parisella,DEM,58.62,85.39,-26.77,99.96,39050.0,Yes,99.99,97.91,58.62421908588605,85.39293017820626,-26.770000000000003
MA,2018,State Representative,6Th Hampden,Michael Finn,DEM,100.0,100.0,0.0,100.00,27605.0,Yes,100.00,100.00,100.0,100.0,0.0
MA,2018,State Representative,6Th Middlesex,Maria Robinson,DEM,100.0,100.0,0.0,100.00,0.0,No,100.00,100.00,100.0,100.0,0.0
MA,2018,State Representative,6Th Norfolk,William Galvin,DEM,100.0,100.0,0.0,100.00,24275.0,Yes,100.00,100.00,100.0,100.0,0.0
MA,2018,State Representative,6Th Plymouth,Josh Cutler,DEM,100.0,100.0,0.0,100.00,39633.0,Yes,100.00,100.00,100.0,100.0,0.0
MA,2018,State Representative,6Th Suffolk,Russell Holmes,DEM,100.0,100.0,0.0,100.00,2875.0,Yes,100.00,100.00,100.0,100.0,0.0
MA,2018,State Representative,6Th Worcester,Peter Durant,REP,100.0,100.0,0.0,100.00,3200.0,Yes,100.00,100.00,100.0,100.0,0.0
MA,2018,State Representative,7Th Bristol,Alan Silvia,DEM,100.0,100.0,0.0,100.00,47985.0,Yes,100.00,100.00,100.0,100.0,0.0
MA,2018,State Representative,7Th Essex,Paul Tucker,DEM,100.0,100.0,0.0,100.00,63791.72,Yes,100.00,100.00,100.0,100.0,0.0
MA,2018,State Representative,7Th Hampden,Thomas Petrolati,DEM,100.0,100.0,0.0,100.00,42242.02,Yes,100.00,100.00,100.0,100.0,0.0
MA,2018,State Representative,7Th Middlesex,Jack Patrick Lewis,DEM,100.0,100.0,0.0,100.00,32559.0,Yes,100.00,100.00,100.0,100.0,0.0
MA,2018,State Representative,7Th Norfolk,William Driscoll Jr.,DEM,100.0,100.0,0.0,100.00,31101.75,Yes,100.00,100.00,100.0,100.0,0.0
MA,2018,State Representative,7Th Plymouth,Alex Bezanson,DEM,54.4,44.2,10.2,95.83,32933.0,No,99.89,64.59,54.40020789134746,44.20159843418693,10.199999999999996
MA,2018,State Representative,7Th Plymouth,Alyson Sullivan,REP,45.6,55.8,-10.2,4.17,30350.06,No,35.41,0.11,45.59979210865254,55.79840156581307,-10.199999999999996
MA,2018,State Representative,7Th Suffolk,Chynah Tyler,DEM,100.0,100.0,0.0,100.00,12332.78,Yes,100.00,100.00,100.0,100.0,0.0
MA,2018,State Representative,7Th Worcester,Terry Burke Dotson,DEM,45.84,34.55,11.29,5.1,2500.0,No,39.02,0.14,45.842829470895126,34.55033243905284,11.290000000000006
MA,2018,State Representative,7Th Worcester,Paul Frost,REP,54.16,65.45,-11.29,94.90,18603.03,Yes,99.86,60.98,54.157170529104874,65.44966756094716,-11.290000000000006
MA,2018,State Representative,8Th Bristol,Paul Schmid III,DEM,100.0,100.0,0.0,100.00,70458.34,Yes,100.00,100.00,100.0,100.0,0.0
MA,2018,State Representative,8Th Essex,Lori Ehrlich,DEM,100.0,100.0,0.0,100.00,27858.0,Yes,100.00,100.00,100.0,100.0,0.0
MA,2018,State Representative,8Th Hampden,Joseph Wagner,DEM,100.0,100.0,0.0,100.00,109934.72,Yes,100.00,100.00,100.0,100.0,0.0
MA,2018,State Representative,8Th Middlesex,Carolyn Dykema,DEM,100.0,100.0,0.0,100.00,6664.5,Yes,100.00,100.00,100.0,100.0,0.0
MA,2018,State Representative,8Th Norfolk,Louis Kafka,DEM,100.0,100.0,0.0,100.00,35100.42,Yes,100.00,100.00,100.0,100.0,0.0
MA,2018,State Representative,8Th Plymouth,Angelo Demilia,REP,100.0,100.0,0.0,100.00,23435.0,Yes,100.00,100.00,100.0,100.0,0.0
MA,2018,State Representative,8Th Suffolk,Jay Livingstone,DEM,100.0,100.0,0.0,100.00,47295.0,Yes,100.00,100.00,100.0,100.0,0.0
MA,2018,State Representative,8Th Worcester,Patrick Malone,DEM,52.01,48.48,3.52,78.53,11065.08,No,98.41,28.54,52.00872023501218,48.48467778278504,3.530000000000001
MA,2018,State Representative,8Th Worcester,Michael Soter,REP,47.99,51.52,-3.52,21.47,36772.41,No,71.46,1.59,47.99127976498782,51.515322217214965,-3.530000000000001
MA,2018,State Representative,9Th Bristol,Christopher Markey,DEM,100.0,100.0,0.0,100.00,4550.0,Yes,100.00,100.00,100.0,100.0,0.0
MA,2018,State Representative,9Th Essex,Matthew Crescenzo,DEM,46.82,33.99,12.83,63.49,11931.0,No,95.56,15.57,46.8157356134755,33.98933333333333,12.829999999999998
MA,2018,State Representative,9Th Essex,Donald Wong,REP,45.06,62.12,-17.05,36.51,31975.62,Yes,84.43,4.44,45.06293528435407,62.11733333333334,-17.059999999999995
MA,2018,State Representative,9Th Hampden,Jose Tosado,DEM,100.0,100.0,0.0,100.00,30840.0,Yes,100.00,100.00,100.0,100.0,0.0
MA,2018,State Representative,9Th Middlesex,Thomas Stanley,DEM,100.0,100.0,0.0,100.00,46018.92,Yes,100.00,100.00,100.0,100.0,0.0
MA,2018,State Representative,9Th Norfolk,Brian Hamlin,DEM,44.72,41.22,3.49,1.89,6771.8,No,23.55,0.03,44.719063508267794,41.22446985243819,3.5
MA,2018,State Representative,9Th Norfolk,Shawn Dooley,REP,55.28,58.78,-3.49,98.11,50374.0,Yes,99.97,76.45,55.280936491732206,58.775530147561796,-3.5
MA,2018,State Representative,9Th Plymouth,Gerard Cassidy,DEM,100.0,100.0,0.0,100.00,29305.0,Yes,100.00,100.00,100.0,100.0,0.0
MA,2018,State Representative,9Th Suffolk,Jon Santiago,DEM,100.0,100.0,0.0,100.00,44335.0,No,100.00,100.00,100.0,100.0,0.0
MA,2018,State Representative,9Th Worcester,David Muradian Jr.,REP,100.0,100.0,0.0,100.00,51485.0,Yes,100.00,100.00,100.0,100.0,0.0
MA,2018,State Representative,"Barnstable, Dukes And Nantucket",Dylan Fernandes,DEM,100.0,100.0,0.0,100.00,33502.0,Yes,100.00,100.00,100.0,100.0,0.0
MA,2018,State Senator,1St Bristol And Plymouth,Michael Rodrigues,DEM,100.0,100.0,0.0,100.00,217664.28,Yes,100.00,100.00,100.0,100.0,0.0
MA,2018,State Senator,1St Essex,Diana Dizoglio,DEM,57.65,66.31,-8.66,99.86,124469.67,No,99.99,95.09,57.65195652048526,66.31366544070295,-8.660000000000004
MA,2018,State Senator,1St Essex,Alexander Leighton Williams,REP,42.35,33.69,8.66,0.14,1475.0,No,4.91,0.01,42.34804347951474,33.68633455929705,8.660000000000004
MA,2018,State Senator,1St Essex And Middlesex,Bruce Tarr,REP,100.0,100.0,0.0,100.00,108945.37,Yes,100.00,100.00,100.0,100.0,0.0
MA,2018,State Senator,1St Hampden And Hampshire,Eric Philip Lesser,DEM,100.0,100.0,0.0,100.00,252670.69,Yes,100.00,100.00,100.0,100.0,0.0
MA,2018,State Senator,1St Middlesex,Edward Kennedy,DEM,56.29,63.88,-7.59,99.33,44620.0,No,99.99,86.84,56.29155283791012,63.88428397063378,-7.590000000000003
MA,2018,State Senator,1St Middlesex,John Macdonald,REP,43.71,36.12,7.59,0.67,29567.0,No,13.16,0.01,43.70844716208988,36.115716029366226,7.590000000000003
MA,2018,State Senator,1St Middlesex And Norfolk,Cynthia Stone Creem,DEM,100.0,100.0,0.0,100.00,36314.0,Yes,100.00,100.00,100.0,100.0,0.0
MA,2018,State Senator,1St Plymouth And Bristol,Marc Richard Pacheco,DEM,100.0,100.0,0.0,100.00,127010.96,Yes,100.00,100.00,100.0,100.0,0.0
MA,2018,State Senator,1St Suffolk,Nick Collins,DEM,100.0,99.96,0.04,100.00,406408.38,Yes,100.00,100.00,100.0,99.95617704473926,0.04000000000000625
MA,2018,State Senator,1St Suffolk And Middlesex,Joseph Boncore,DEM,100.0,100.0,0.0,100.00,236892.22,Yes,100.00,100.00,100.0,100.0,0.0
MA,2018,State Senator,1St Worcester,Harriette Chandler,DEM,100.0,100.0,0.0,100.00,122504.91,Yes,100.00,100.00,100.0,100.0,0.0
MA,2018,State Senator,2Nd Bristol And Plymouth,Mark Montigny,DEM,100.0,100.0,0.0,100.00,16780.63,Yes,100.00,100.00,100.0,100.0,0.0
MA,2018,State Senator,2Nd Essex,Joan Lovely,DEM,100.0,100.0,0.0,100.00,69928.8,Yes,100.00,100.00,100.0,100.0,0.0
MA,2018,State Senator,2Nd Essex And Middlesex,Barry Finegold,DEM,57.43,62.84,-5.41,99.82,352501.0,No,99.99,94.12,57.42690337505886,62.840016825574864,-5.410000000000004
MA,2018,State Senator,2Nd Essex And Middlesex,Joseph Espinola III,REP,42.57,37.16,5.41,0.18,5065.0,No,5.88,0.01,42.57309662494115,37.159983174425136,5.410000000000004
MA,2018,State Senator,2Nd Hampden And Hampshire,Donald Humason Jr.,REP,100.0,100.0,0.0,100.00,30500.0,Yes,100.00,100.00,100.0,100.0,0.0
MA,2018,State Senator,2Nd Middlesex,Patricia Jehlen,DEM,100.0,100.0,0.0,100.00,13910.58,Yes,100.00,100.00,100.0,100.0,0.0
MA,2018,State Senator,2Nd Middlesex And Norfolk,Karen Spilka,DEM,100.0,100.0,0.0,100.00,349521.38,Yes,100.00,100.00,100.0,100.0,0.0
MA,2018,State Senator,2Nd Plymouth And Bristol,Michael Brady,DEM,58.56,66.51,-7.95,99.96,43311.66,Yes,99.99,97.78,58.55985124905486,66.51056356766537,-7.950000000000003
MA,2018,State Senator,2Nd Plymouth And Bristol,Scott Hall,REP,41.44,33.49,7.95,0.04,0.0,No,2.22,0.01,41.440148750945134,33.48943643233463,7.949999999999996
MA,2018,State Senator,2Nd Suffolk,Sonia Chang-Diaz,DEM,100.0,100.0,0.0,100.00,12035.0,Yes,100.00,100.00,100.0,100.0,0.0
MA,2018,State Senator,2Nd Suffolk And Middlesex,William Brownsberger,DEM,100.0,100.0,0.0,100.00,92226.1,Yes,100.00,100.00,100.0,100.0,0.0
MA,2018,State Senator,2Nd Worcester,Michael Moore,DEM,100.0,100.0,0.0,100.00,126357.29,Yes,100.00,100.00,100.0,100.0,0.0
MA,2018,State Senator,3Rd Essex,Brendan Crighton,DEM,100.0,100.0,0.0,100.00,102274.61,Yes,100.00,100.00,100.0,100.0,0.0
MA,2018,State Senator,3Rd Middlesex,Michael Barrett,DEM,100.0,100.0,0.0,100.00,90648.51,Yes,100.00,100.00,100.0,100.0,0.0
MA,2018,State Senator,4Th Middlesex,Cindy Friedman,DEM,100.0,100.0,0.0,100.00,34514.0,Yes,100.00,100.00,100.0,100.0,0.0
MA,2018,State Senator,5Th Middlesex,Jason Lewis,DEM,60.03,67.03,-7.0,99.99,122790.0,Yes,99.99,99.52,60.032816902037496,67.03075231840347,-7.0
MA,2018,State Senator,5Th Middlesex,Erin Calvo-Bacci,REP,39.97,32.97,7.0,0.01,8533.0,No,0.48,0.01,39.9671830979625,32.969247681596535,7.0
MA,2018,State Senator,Bristol And Norfolk,Paul Feeney,DEM,58.61,60.56,-1.95,99.96,56350.0,Yes,99.99,97.89,58.61127508885272,60.56386951110082,-1.9500000000000028
MA,2018,State Senator,Bristol And Norfolk,Jacob Ventura,REP,41.39,39.44,1.95,0.04,22850.0,No,2.11,0.01,41.38872491114728,39.43613048889918,1.9500000000000028
MA,2018,State Senator,Cape And Islands,Julian Andre Cyr,DEM,58.84,62.11,-3.27,99.97,257770.6,Yes,99.99,98.31,58.843050813192995,62.11150956284153,-3.269999999999996
MA,2018,State Senator,Cape And Islands,John Flores,REP,41.16,37.89,3.27,0.03,69351.5,No,1.69,0.01,41.156949186807005,37.88849043715847,3.269999999999996
MA,2018,State Senator,Hampden,James Welch,DEM,100.0,100.0,0.0,100.00,127231.2,Yes,100.00,100.00,100.0,100.0,0.0
MA,2018,State Senator,"Hampshire, Franklin And Worcester",Jo Comerford,DEM,100.0,100.0,0.0,100.00,0.0,No,100.00,100.00,100.0,100.0,0.0
MA,2018,State Senator,Middlesex And Suffolk,Salvatore Didomenico,DEM,100.0,100.0,0.0,100.00,168645.85,Yes,100.00,100.00,100.0,100.0,0.0
MA,2018,State Senator,Middlesex And Worcester,James Eldridge,DEM,55.49,65.17,-9.68,99.99,136726.21,Yes,99.99,99.17,55.491150572281796,65.16995114946214,-9.68
MA,2018,State Senator,Middlesex And Worcester,Margaret Woolley Busse,REP,36.41,32.75,3.66,0.01,164984.1,No,0.83,0.01,36.41012481525579,32.754221532701656,3.6599999999999966
MA,2018,State Senator,Norfolk And Plymouth,John Keenan,DEM,53.25,75.84,-22.59,89.95,6895.23,Yes,99.58,46.87,53.249339040803655,75.83774863198123,-22.590000000000003
MA,2018,State Senator,Norfolk And Suffolk,Michael Rush,DEM,100.0,100.0,0.0,100.00,70654.67,Yes,100.00,100.00,100.0,100.0,0.0
MA,2018,State Senator,"Norfolk, Bristol And Middlesex",Rebecca Rausch,DEM,53.4,51.34,2.06,90.95,76412.82,No,99.64,49.23,53.39945306823678,51.33946747007573,2.059999999999995
MA,2018,State Senator,"Norfolk, Bristol And Middlesex",Richard Ross,REP,46.6,48.66,-2.06,9.05,22550.0,Yes,50.77,0.36,46.60054693176322,48.660532529924275,-2.059999999999995
MA,2018,State Senator,"Norfolk, Bristol And Plymouth",Walter Timilty,DEM,100.0,100.0,0.0,100.00,100133.35,Yes,100.00,100.00,100.0,100.0,0.0
MA,2018,State Senator,Plymouth And Barnstable,Deborah Rudolf,DEM,49.89,41.18,8.71,48.3,23452.0,No,90.56,8.08,49.89143067745182,41.17998829427183,8.71
MA,2018,State Senator,Plymouth And Barnstable,Viriato Manuel Demacedo,REP,50.11,58.82,-8.71,51.70,76949.62,Yes,91.92,9.44,50.10856932254817,58.82001170572817,-8.71
MA,2018,State Senator,Plymouth And Norfolk,Katie McBrine,DEM,48.37,43.96,4.41,79.38,49784.1,No,98.52,29.55,48.37416552186521,43.96216652025849,4.409999999999997
MA,2018,State Senator,Plymouth And Norfolk,Patrick Michael Oconnor,REP,44.21,50.62,-6.41,20.62,79834.05,Yes,70.45,1.48,44.207380227214585,50.61912612363268,-6.409999999999997
MA,2018,State Senator,Worcester And Middlesex,Susan Chalifoux-Zephir,DEM,52.22,45.69,6.52,80.87,40025.0,No,98.71,31.42,52.219310140855505,45.69470343834855,6.530000000000001
MA,2018,State Senator,Worcester And Middlesex,Dean Tran,REP,47.78,54.31,-6.52,19.13,59355.36,Yes,68.58,1.29,47.780689859144495,54.30529656165145,-6.530000000000001
MA,2018,State Senator,Worcester And Norfolk,Thomas Merolli,DEM,49.0,42.03,6.97,34.66,28114.09,No,83.22,4.0,48.99735455342862,42.027260926006065,6.969999999999999
MA,2018,State Senator,Worcester And Norfolk,Ryan Fattman,REP,51.0,57.97,-6.97,65.34,139764.02,Yes,96.0,16.78,51.00264544657138,57.97273907399394,-6.969999999999999
MA,2018,State Senator,"Worcester, Hampden, Hampshire And Middlesex",Anne Gobi,DEM,58.18,54.9,3.28,99.93,55794.0,Yes,99.99,96.87,58.18120408245397,54.899584743383244,3.280000000000001
MA,2018,State Senator,"Worcester, Hampden, Hampshire And Middlesex",Steven Hall,REP,41.82,45.1,-3.28,0.07,12570.0,No,3.13,0.01,41.818795917546026,45.100415256616756,-3.280000000000001
MA,2018,U.S. Representative,1,Richard Neal,DEM,100.0,100.0,0.0,100.00,2370002.74,Yes,100.00,100.00,100.0,100.0,0.0
MA,2018,U.S. Representative,2,James McGovern,DEM,100.0,67.2,32.8,100.00,814228.5,Yes,100.00,100.00,100.0,67.19934813836606,32.8
MA,2018,U.S. Representative,3,Lori Trahan,DEM,53.02,62.03,-9.01,99.65,1133835.26,No,99.99,91.02,53.0200235125984,62.02720708329752,-9.009999999999998
MA,2018,U.S. Representative,3,Rick Green,REP,39.3,33.47,5.83,0.35,780814.76,No,8.98,0.01,39.30244104912435,33.46979856156337,5.829999999999998
MA,2018,U.S. Representative,4,Joseph Kennedy III,DEM,100.0,100.0,0.0,100.00,3428887.19,Yes,100.00,100.00,100.0,100.0,0.0
MA,2018,U.S. Representative,5,Katherine Clark,DEM,79.11,75.94,3.17,> 99.99,850760.31,Yes,> 99.99,> 99.99,79.10695610380692,75.93820616588289,3.1700000000000017
MA,2018,U.S. Representative,5,John Hugo,REP,20.89,24.06,-3.17,< 0.01,0.0,No,< 0.01,< 0.01,20.893043896193088,24.06179383411711,-3.169999999999998
MA,2018,U.S. Representative,6,Seth Moulton,DEM,73.8,65.22,8.59,> 99.99,2124800.25,Yes,> 99.99,99.99,73.80431110719009,65.21763877654953,8.579999999999998
MA,2018,U.S. Representative,6,Joseph Schneider,REP,26.2,31.39,-5.2,< 0.01,0.0,No,0.01,< 0.01,26.195688892809915,31.39450585662503,-5.190000000000001
MA,2018,U.S. Representative,7,Ayanna Pressley,DEM,100.0,100.0,0.0,100.00,0.0,No,100.00,100.00,100.0,100.0,0.0
MA,2018,U.S. Representative,8,Stephen Lynch,DEM,100.0,100.0,0.0,100.00,594812.6,Yes,100.00,100.00,100.0,100.0,0.0
MA,2018,U.S. Representative,9,William Richard Keating,DEM,59.37,59.4,-0.03,99.98,927796.5,Yes,99.99,99.01,59.374385425299245,59.4011920570705,-0.030000000000001137
MA,2018,U.S. Representative,9,Peter Tedeschi,REP,40.63,40.6,0.03,0.02,662103.36,No,0.99,0.01,40.625614574700755,40.598807942929504,0.030000000000001137
MA,2018,U.S. Senator,Statewide,Elizabeth Warren,DEM,59.8,60.4,-0.6,99.99,29022901.95,Yes,,,59.797681109272844,60.39923218322289,-0.6000000000000014
MA,2018,U.S. Senator,Statewide,Geoff Diehl,REP,35.96,36.21,-0.25,0.01,668537.15,No,,,35.95727820450961,36.20949076856004,-0.25
