,State,District,Position,Party,Candidate,Vote Share,
0,Alabama,1,U.S. Representative,REP,Jo Bonner,0.83,
1,Alabama,1,U.S. Representative,IND,David Walter,0.17,
2,Alabama,2,U.S. Representative,REP,Martha Roby,0.513,
3,Alabama,2,U.S. Representative,IND,Bobby Bright,0.48700000000000004,DEM
4,Alabama,3,U.S. Representative,REP,Mike Rogers,0.591,
5,Alabama,3,U.S. Representative,IND,Steve Segrest,0.409,DEM
6,Alabama,4,U.S. Representative,REP,Robert Aderholt,1.0,
7,Alabama,5,U.S. Representative,REP,Mo Brooks,0.585,
8,Alabama,5,U.S. Representative,IND,Steve Raby,0.415,DEM
9,Alabama,6,U.S. Representative,REP,Spencer Bachus,1.0,
10,Alabama,7,U.S. Representative,IND,Terri Sewell,0.726,DEM
11,Alabama,7,U.S. Representative,REP,Don Chamberlain,0.27399999999999997,
12,Alaska,At-Large,U.S. Representative,REP,Don Young,0.69,
13,Alaska,At-Large,U.S. Representative,IND,Harry Crawford,0.305,DEM
14,Arizona,1,U.S. Representative,REP,Paul Gosar,0.49700000000000005,
15,Arizona,1,U.S. Representative,IND,Ann Kirkpatrick,0.43700000000000006,DEM
16,Arizona,1,U.S. Representative,LIB,Nicole Patti,0.066,
17,Arizona,2,U.S. Representative,REP,Trent Franks,0.649,
18,Arizona,2,U.S. Representative,IND,John Thrasher,0.311,DEM
19,Arizona,2,U.S. Representative,LIB,Powell Gammill,0.04,
20,Arizona,3,U.S. Representative,REP,Ben Quayle,0.522,
21,Arizona,3,U.S. Representative,IND,Jon Hulburd,0.41100000000000003,DEM
22,Arizona,3,U.S. Representative,LIB,Michael Shoen,0.05,
23,Arizona,3,U.S. Representative,IND,Leonard Clark,0.016,
24,Arizona,4,U.S. Representative,IND,Ed Pastor,0.669,DEM
25,Arizona,4,U.S. Representative,REP,Janet Contreras,0.275,
26,Arizona,4,U.S. Representative,LIB,Joe Cobb,0.03,
27,Arizona,4,U.S. Representative,IND,Rebecca DeWitt,0.026000000000000002,
28,Arizona,5,U.S. Representative,REP,David Schweikert,0.52,
29,Arizona,5,U.S. Representative,IND,Harry Mitchell,0.43200000000000005,DEM
30,Arizona,5,U.S. Representative,LIB,Nick Coons,0.048,
31,Arizona,6,U.S. Representative,REP,Jeff Flake,0.664,
32,Arizona,6,U.S. Representative,IND,Rebecca Schneider,0.29100000000000004,DEM
33,Arizona,6,U.S. Representative,IND,Richard Grayson,0.031,
34,Arizona,6,U.S. Representative,LIB,Darell Tapp,0.013999999999999999,
35,Arizona,7,U.S. Representative,IND,Raul Grijalva,0.502,DEM
36,Arizona,7,U.S. Representative,REP,Ruth McClung,0.442,
37,Arizona,7,U.S. Representative,IND,Harley Meyer,0.027999999999999997,
38,Arizona,7,U.S. Representative,LIB,George Keane,0.027000000000000003,
39,Arizona,8,U.S. Representative,IND,Gabrielle Giffords,0.488,DEM
40,Arizona,8,U.S. Representative,REP,Jesse Kelly,0.473,
41,Arizona,8,U.S. Representative,LIB,Steven Stoltz,0.039,
42,Arkansas,1,U.S. Representative,REP,Rick Crawford,0.518,
43,Arkansas,1,U.S. Representative,IND,Chad Causey,0.435,DEM
44,Arkansas,1,U.S. Representative,IND,Ken Adler,0.046,
45,Arkansas,2,U.S. Representative,REP,Tim Griffin,0.579,
46,Arkansas,2,U.S. Representative,IND,Joyce Elliott,0.38299999999999995,DEM
47,Arkansas,2,U.S. Representative,IND,Lance Levi,0.021,
48,Arkansas,2,U.S. Representative,IND,Lewis Kennedy,0.017,
49,Arkansas,3,U.S. Representative,REP,Steve Womack,0.7240000000000001,
50,Arkansas,3,U.S. Representative,IND,David Whitaker,0.276,DEM
51,Arkansas,4,U.S. Representative,IND,Mike Ross,0.575,DEM
52,Arkansas,4,U.S. Representative,REP,Beth Anne Rankin,0.402,
53,Arkansas,4,U.S. Representative,IND,Joshua Drake,0.023,
54,California,1,U.S. Representative,IND,Mike Thompson,0.63,DEM
55,California,1,U.S. Representative,REP,Loren Hanks,0.31,
56,California,1,U.S. Representative,IND,Carol Wolman,0.035,
57,California,1,U.S. Representative,LIB,Mike Rodrigues,0.025,
58,California,2,U.S. Representative,REP,Wally Herger,0.5710000000000001,
59,California,2,U.S. Representative,IND,Jim Reed,0.429,DEM
60,California,2,U.S. Representative,IND,Mark A. Jensen,0.0,
61,California,3,U.S. Representative,REP,Dan Lungren,0.501,
62,California,3,U.S. Representative,IND,Ami Bera,0.43200000000000005,DEM
63,California,3,U.S. Representative,IND,Jerry Leidecker,0.025,
64,California,3,U.S. Representative,LIB,Douglas Arthur Tuma,0.024,
65,California,3,U.S. Representative,IND,Mike Roskey,0.018000000000000002,
66,California,4,U.S. Representative,REP,Tom McClintock,0.613,
67,California,4,U.S. Representative,IND,Clint Curtis,0.314,DEM
68,California,4,U.S. Representative,IND,Ben Emery,0.073,
69,California,5,U.S. Representative,IND,Doris Matsui,0.72,DEM
70,California,5,U.S. Representative,REP,Paul Smith,0.253,
71,California,5,U.S. Representative,IND,Gerald Allen Frink,0.027000000000000003,
72,California,6,U.S. Representative,IND,Lynn Woolsey,0.659,DEM
73,California,6,U.S. Representative,REP,Jim Judd,0.29600000000000004,
74,California,6,U.S. Representative,IND,Eugene Ruyle,0.023,
75,California,6,U.S. Representative,LIB,Joel Smolen,0.022000000000000002,
76,California,7,U.S. Representative,IND,George Miller,0.6829999999999999,DEM
77,California,7,U.S. Representative,REP,Rick Tubbs,0.317,
78,California,8,U.S. Representative,IND,Nancy Pelosi,0.8009999999999999,DEM
79,California,8,U.S. Representative,REP,John Dennis,0.151,
80,California,8,U.S. Representative,IND,Gloria La Riva,0.025,
81,California,8,U.S. Representative,LIB,Philip Berg,0.023,
82,California,8,U.S. Representative,IND,Summer Shields,0.0,
83,California,9,U.S. Representative,IND,Barbara Lee,0.843,DEM
84,California,9,U.S. Representative,REP,Gerald Hashimoto,0.10800000000000001,
85,California,9,U.S. Representative,IND,Dave Heller,0.023,
86,California,9,U.S. Representative,LIB,James Eyer,0.019,
87,California,9,U.S. Representative,IND,Larry Allen,0.008,
88,California,10,U.S. Representative,IND,John Garamendi,0.588,DEM
89,California,10,U.S. Representative,REP,Gary Clift,0.379,
90,California,10,U.S. Representative,IND,Jeremy Cloward,0.033,
91,California,11,U.S. Representative,IND,Jerry McNerney,0.48,DEM
92,California,11,U.S. Representative,REP,David Harmer,0.469,
93,California,11,U.S. Representative,IND,David Christensen,0.052000000000000005,
94,California,11,U.S. Representative,IND,Robert Beadles,0.0,
95,California,12,U.S. Representative,IND,Jackie Speier,0.7559999999999999,DEM
96,California,12,U.S. Representative,REP,Mike Moloney,0.221,
97,California,12,U.S. Representative,LIB,Mark Paul Williams,0.023,
98,California,12,U.S. Representative,IND,Joseph Michael Harding,0.0,
99,California,13,U.S. Representative,IND,Pete Stark,0.72,DEM
100,California,13,U.S. Representative,REP,Forest Baker,0.27699999999999997,
101,California,13,U.S. Representative,IND,Chris Pareja,0.003,
102,California,14,U.S. Representative,IND,Anna Eshoo,0.691,DEM
103,California,14,U.S. Representative,REP,Dave Chapman,0.278,
104,California,14,U.S. Representative,LIB,Paul Lazaga,0.031,
105,California,15,U.S. Representative,IND,Mike Honda,0.6759999999999999,DEM
106,California,15,U.S. Representative,REP,Scott Kirkland,0.324,
107,California,16,U.S. Representative,IND,Zoe Lofgren,0.6779999999999999,DEM
108,California,16,U.S. Representative,REP,Daniel Sahagún,0.243,
109,California,16,U.S. Representative,LIB,Edward Gonzalez,0.079,
110,California,17,U.S. Representative,IND,Sam Farr,0.6659999999999999,DEM
111,California,17,U.S. Representative,REP,Jeff Taylor,0.265,
112,California,17,U.S. Representative,LIB,Mary Larkin,0.049,
113,California,17,U.S. Representative,IND,Eric Petersen,0.019,
114,California,17,U.S. Representative,IND,Ronald P. Kabat,0.001,
115,California,18,U.S. Representative,IND,Dennis Cardoza,0.585,DEM
116,California,18,U.S. Representative,REP,Michael Clarke Berryhill,0.415,
117,California,19,U.S. Representative,REP,Jeff Denham,0.6459999999999999,
118,California,19,U.S. Representative,IND,Loraine Goodwin,0.35100000000000003,DEM
119,California,19,U.S. Representative,IND,Les Marsden,0.003,
120,California,20,U.S. Representative,IND,Jim Costa,0.517,DEM
121,California,20,U.S. Representative,REP,Andy Vidak,0.483,
122,California,21,U.S. Representative,REP,Devin Nunes,1.0,
123,California,22,U.S. Representative,REP,Kevin McCarthy,0.988,
124,California,22,U.S. Representative,IND,John Uebersax,0.012,
125,California,23,U.S. Representative,IND,Lois Capps,0.578,DEM
126,California,23,U.S. Representative,REP,Tom Watson,0.376,
127,California,23,U.S. Representative,IND,John Hager,0.028999999999999998,
128,California,23,U.S. Representative,LIB,Darrell Stafford,0.017,
129,California,24,U.S. Representative,REP,Elton Gallegly,0.599,
130,California,24,U.S. Representative,IND,Timothy Allison,0.401,DEM
131,California,25,U.S. Representative,REP,Howard McKeon,0.618,
132,California,25,U.S. Representative,IND,Jackie Conaway,0.382,DEM
133,California,26,U.S. Representative,REP,David Dreier,0.541,
134,California,26,U.S. Representative,IND,Russ Warner,0.365,DEM
135,California,26,U.S. Representative,IND,David Miller,0.061,
136,California,26,U.S. Representative,LIB,Randall Weissbuch,0.032,
137,California,27,U.S. Representative,IND,Brad Sherman,0.652,DEM
138,California,27,U.S. Representative,REP,Mark Reed,0.348,
139,California,28,U.S. Representative,IND,Howard Berman,0.695,DEM
140,California,28,U.S. Representative,REP,Merlin Froyd,0.22399999999999998,
141,California,28,U.S. Representative,LIB,Carlos Rodriguez,0.081,
142,California,29,U.S. Representative,IND,Adam Schiff,0.648,DEM
143,California,29,U.S. Representative,REP, John Colbert,0.32,
144,California,29,U.S. Representative,LIB,William Cushing,0.032,
145,California,30,U.S. Representative,IND,Henry Waxman,0.6459999999999999,DEM
146,California,30,U.S. Representative,REP,Chuck Wilkerson,0.319,
147,California,30,U.S. Representative,LIB,Erich Miller,0.021,
148,California,30,U.S. Representative,IND,Richard Castaldo,0.013000000000000001,
149,California,31,U.S. Representative,IND,Xavier Becerra,0.838,DEM
150,California,31,U.S. Representative,REP,Stephen Smith,0.162,
151,California,31,U.S. Representative,IND,Sal Genovese,0.0,
152,California,32,U.S. Representative,IND,Judy Chu,0.71,DEM
153,California,32,U.S. Representative,REP,Ed Schmerling,0.29,
154,California,33,U.S. Representative,IND,Karen Bass,0.861,DEM
155,California,33,U.S. Representative,REP,James Andion,0.139,
156,California,34,U.S. Representative,IND,Lucille Roybal-Allard,0.772,DEM
157,California,34,U.S. Representative,REP,Wayne Miller,0.228,
158,California,35,U.S. Representative,IND,Maxine Waters,0.7929999999999999,DEM
159,California,35,U.S. Representative,REP,Bruce Brown,0.207,
160,California,35,U.S. Representative,IND,Suleiman Charles Edmonson,0.0,
161,California,36,U.S. Representative,IND,Jane Harman,0.596,DEM
162,California,36,U.S. Representative,REP,Mattie Fein,0.34700000000000003,
163,California,36,U.S. Representative,LIB,Herb Peters,0.055999999999999994,
164,California,37,U.S. Representative,IND,Laura Richardson,0.684,DEM
165,California,37,U.S. Representative,REP,Star Parker,0.23199999999999998,
166,California,37,U.S. Representative,IND,Nicholas Dibs,0.084,
167,California,38,U.S. Representative,IND,Grace Napolitano,0.735,DEM
168,California,38,U.S. Representative,REP,Robert Vaughn,0.265,
169,California,39,U.S. Representative,IND,Linda Sánchez,0.633,DEM
170,California,39,U.S. Representative,REP,Larry Andre,0.326,
171,California,39,U.S. Representative,IND,John Smith,0.040999999999999995,
172,California,40,U.S. Representative,REP,Ed Royce,0.6679999999999999,
173,California,40,U.S. Representative,IND,Christina Avalos,0.332,DEM
174,California,41,U.S. Representative,REP,Jerry Lewis,0.632,
175,California,41,U.S. Representative,IND,Pat Meagher,0.368,DEM
176,California,41,U.S. Representative,IND,Pamela Zander,0.0,
177,California,42,U.S. Representative,REP,Gary Miller,0.622,
178,California,42,U.S. Representative,IND,Michael Williamson,0.319,DEM
179,California,42,U.S. Representative,LIB,Mark Lambert,0.059000000000000004,
180,California,43,U.S. Representative,IND,Joe Baca,0.655,DEM
181,California,43,U.S. Representative,REP,Scott Folkens,0.345,
182,California,44,U.S. Representative,REP,Ken Calvert,0.556,
183,California,44,U.S. Representative,IND,Bill Hedrick,0.444,DEM
184,California,45,U.S. Representative,REP,Mary Bono Mack,0.515,
185,California,45,U.S. Representative,IND,Steve Pougnet,0.42100000000000004,DEM
186,California,45,U.S. Representative,IND,Bill Lussenheide,0.064,
187,California,46,U.S. Representative,REP,Dana Rohrabacher,0.622,
188,California,46,U.S. Representative,IND,Ken Arnold,0.37799999999999995,DEM
189,California,46,U.S. Representative,IND,Jay Shah,0.0,
190,California,47,U.S. Representative,IND,Loretta Sanchez,0.53,DEM
191,California,47,U.S. Representative,REP,Van Tran,0.39299999999999996,
192,California,47,U.S. Representative,IND,Ceci Iglesias,0.078,
193,California,48,U.S. Representative,REP,John Campbell,0.599,
194,California,48,U.S. Representative,IND,Beth Krom,0.345,DEM
195,California,48,U.S. Representative,LIB,Mike Binkley,0.036000000000000004,
196,California,49,U.S. Representative,REP,Darrell Issa,0.628,
197,California,49,U.S. Representative,IND,Howard Katz,0.315,DEM
198,California,49,U.S. Representative,IND,Dion Clark,0.035,
199,California,49,U.S. Representative,LIB,Mike Paster,0.023,
200,California,50,U.S. Representative,REP,Brian Bilbray,0.5660000000000001,
201,California,50,U.S. Representative,IND,Francine Busby,0.39,DEM
202,California,50,U.S. Representative,LIB,Lars Grossmith,0.022000000000000002,
203,California,50,U.S. Representative,IND,Miriam Clark,0.022000000000000002,
204,California,51,U.S. Representative,IND,Bob Filner,0.601,DEM
205,California,51,U.S. Representative,REP,Nick Popaditch,0.39899999999999997,
206,California,51,U.S. Representative,IND,Marcus Shapiro,0.0,
207,California,52,U.S. Representative,REP,Duncan D. Hunter,0.631,
208,California,52,U.S. Representative,IND,Ray Lutz,0.321,DEM
209,California,52,U.S. Representative,LIB,Michael Benoit,0.049,
210,California,53,U.S. Representative,IND,Susan Davis,0.623,DEM
211,California,53,U.S. Representative,REP,Michael Crimmins,0.34,
212,California,53,U.S. Representative,LIB,Paul Dekker,0.037000000000000005,
213,Colorado,1,U.S. Representative,IND,Diana DeGette,0.674,DEM
214,Colorado,1,U.S. Representative,REP,Mike Fallon,0.28800000000000003,
215,Colorado,1,U.S. Representative,IND,Gary Swing,0.013999999999999999,
216,Colorado,1,U.S. Representative,LIB,Clint Jones,0.013999999999999999,
217,Colorado,1,U.S. Representative,IND,Chris Styskal,0.01,
218,Colorado,2,U.S. Representative,IND,Jared Polis,0.574,DEM
219,Colorado,2,U.S. Representative,REP,Stephen Bailey,0.379,
220,Colorado,2,U.S. Representative,IND,Jenna Goss,0.027000000000000003,
221,Colorado,2,U.S. Representative,LIB,Curtis Harris,0.02,
222,Colorado,3,U.S. Representative,REP,Scott Tipton,0.501,
223,Colorado,3,U.S. Representative,IND,John Salazar,0.45799999999999996,DEM
224,Colorado,3,U.S. Representative,LIB,Gregory Gilman,0.022000000000000002,
225,Colorado,3,U.S. Representative,IND,Jake Segrest,0.019,
226,Colorado,4,U.S. Representative,REP,Cory Gardner,0.525,
227,Colorado,4,U.S. Representative,IND,Betsy Markey,0.414,DEM
228,Colorado,4,U.S. Representative,IND,Doug Aden,0.047,
229,Colorado,4,U.S. Representative,IND,Ken Waskiewicz,0.015,
230,Colorado,5,U.S. Representative,REP,Doug Lamborn,0.6579999999999999,
231,Colorado,5,U.S. Representative,IND,Kevin Bradley,0.293,DEM
232,Colorado,5,U.S. Representative,IND,Brian Scott,0.025,
233,Colorado,5,U.S. Representative,LIB,Jerrell Klaver,0.024,
234,Colorado,6,U.S. Representative,REP,Mike Coffman,0.657,
235,Colorado,6,U.S. Representative,IND,John Flerlage,0.315,DEM
236,Colorado,6,U.S. Representative,LIB,Rob McNealy,0.027999999999999997,
237,Colorado,7,U.S. Representative,IND,Ed Perlmutter,0.534,DEM
238,Colorado,7,U.S. Representative,REP,Ryan Frazier,0.418,
239,Colorado,7,U.S. Representative,LIB,Buck Bailey,0.048,
240,Connecticut,1,U.S. Representative,IND,John Larson,0.613,DEM
241,Connecticut,1,U.S. Representative,REP,Ann Brickley,0.37200000000000005,
242,Connecticut,1,U.S. Representative,IND,Kenneth Krayeske,0.011000000000000001,
243,Connecticut,1,U.S. Representative,IND,Christopher Hutchinson,0.004,
244,Connecticut,2,U.S. Representative,IND,Joe Courtney,0.599,DEM
245,Connecticut,2,U.S. Representative,REP,Janet Peckinpaugh,0.38799999999999996,
246,Connecticut,2,U.S. Representative,IND,Scott Deshefy,0.013000000000000001,
247,Connecticut,3,U.S. Representative,IND,Rosa DeLauro,0.6509999999999999,DEM
248,Connecticut,3,U.S. Representative,REP,Larry Labriola,0.336,
249,Connecticut,3,U.S. Representative,IND,Charles Pillsbury,0.013000000000000001,
250,Connecticut,4,U.S. Representative,IND,Jim Himes,0.531,DEM
251,Connecticut,4,U.S. Representative,REP,Dan Debicella,0.469,
252,Connecticut,5,U.S. Representative,IND,Chris Murphy,0.541,DEM
253,Connecticut,5,U.S. Representative,REP,Sam Caligiuri,0.45899999999999996,
254,Delaware,At-Large,U.S. Representative,IND,John Carney,0.568,DEM
255,Delaware,At-Large,U.S. Representative,REP,Glen Urquhart,0.41,
256,Delaware,At-Large,U.S. Representative,IND,Earl Lofland,0.012,
257,Delaware,At-Large,U.S. Representative,LIB,Brent Wangen,0.006,
258,Delaware,At-Large,U.S. Representative,IND,Jeffrey Brown,0.004,
259,Florida,1,U.S. Representative,REP,Jeff Miller,0.8,
260,Florida,1,U.S. Representative,IND,Joe Cantrell,0.109,
261,Florida,1,U.S. Representative,IND,John Krause,0.086,
262,Florida,1,U.S. Representative,IND,Jim Bryan,0.006,
263,Florida,2,U.S. Representative,REP,Steve Southerland,0.536,
264,Florida,2,U.S. Representative,IND,Allen Boyd,0.414,DEM
265,Florida,2,U.S. Representative,IND,Paul McKain,0.027999999999999997,
266,Florida,2,U.S. Representative,IND,Dianne Berryhill,0.022000000000000002,
267,Florida,3,U.S. Representative,IND,Corrine Brown,0.63,DEM
268,Florida,3,U.S. Representative,REP,Mike Yost,0.33899999999999997,
269,Florida,3,U.S. Representative,IND,Terry Martin-Black,0.031,
270,Florida,4,U.S. Representative,REP,Ander Crenshaw,0.772,
271,Florida,4,U.S. Representative,IND,Troy Stanley,0.228,
272,Florida,5,U.S. Representative,REP,Rich Nugent,0.674,
273,Florida,5,U.S. Representative,IND,Jim Piccillo,0.326,DEM
274,Florida,6,U.S. Representative,REP,Cliff Stearns,0.715,
275,Florida,6,U.S. Representative,IND,Steve Schonberg,0.285,
276,Florida,7,U.S. Representative,REP,John Mica,0.69,
277,Florida,7,U.S. Representative,IND,Heather Beaven,0.31,DEM
278,Florida,8,U.S. Representative,REP,Dan Webster,0.561,
279,Florida,8,U.S. Representative,IND,Alan Grayson,0.382,DEM
280,Florida,8,U.S. Representative,IND,Peg Dunmire,0.038,
281,Florida,8,U.S. Representative,IND,George Metcalfe,0.019,
282,Florida,9,U.S. Representative,REP,Gus Bilirakis,0.7140000000000001,
283,Florida,9,U.S. Representative,IND,Anita de Palma,0.28600000000000003,DEM
284,Florida,10,U.S. Representative,REP,Bill Young,0.659,
285,Florida,10,U.S. Representative,IND,Charlie Justice,0.341,DEM
286,Florida,11,U.S. Representative,IND,Kathy Castor,0.596,DEM
287,Florida,11,U.S. Representative,REP,Mike Prendergast,0.40399999999999997,
288,Florida,12,U.S. Representative,REP,Dennis Ross,0.48100000000000004,
289,Florida,12,U.S. Representative,IND,Lori Edwards,0.41100000000000003,DEM
290,Florida,12,U.S. Representative,IND,Randy Wilkinson,0.107,
291,Florida,13,U.S. Representative,REP,Vern Buchanan,0.6890000000000001,
292,Florida,13,U.S. Representative,IND,James Golden,0.311,DEM
293,Florida,14,U.S. Representative,REP,Connie Mack,0.6859999999999999,
294,Florida,14,U.S. Representative,IND,James Lloyd Roach,0.271,DEM
295,Florida,14,U.S. Representative,IND,William Maverick St. Claire,0.043,
296,Florida,15,U.S. Representative,REP,Bill Posey,0.647,
297,Florida,15,U.S. Representative,IND,Shannon Roberts,0.353,DEM
298,Florida,16,U.S. Representative,REP,Tom Rooney,0.669,
299,Florida,16,U.S. Representative,IND,Jim Horn,0.331,DEM
300,Florida,17,U.S. Representative,IND,Frederica Wilson,0.862,DEM
301,Florida,17,U.S. Representative,IND,Roderick Vereen,0.138,
302,Florida,18,U.S. Representative,REP,Ileana Ros-Lehtinen,0.6890000000000001,
303,Florida,18,U.S. Representative,IND,Rolando Banciella,0.311,DEM
304,Florida,19,U.S. Representative,IND,Ted Deutch,0.626,DEM
305,Florida,19,U.S. Representative,REP,Joe Budd,0.373,
306,Florida,20,U.S. Representative,IND,Debbie Wasserman Schultz,0.602,DEM
307,Florida,20,U.S. Representative,REP,Karen Harrington,0.381,
308,Florida,20,U.S. Representative,IND,Stanley Blumenthal,0.01,
309,Florida,20,U.S. Representative,IND,Robert Kunst,0.008,
310,Florida,21,U.S. Representative,REP,Mario Díaz-Balart,1.0,
311,Florida,22,U.S. Representative,REP,Allen West,0.544,
312,Florida,22,U.S. Representative,IND,Ron Klein,0.456,DEM
313,Florida,23,U.S. Representative,IND,Alcee Hastings,0.7909999999999999,DEM
314,Florida,23,U.S. Representative,REP,Bernard Sansaricq,0.209,
315,Florida,24,U.S. Representative,REP,Sandy Adams,0.596,
316,Florida,24,U.S. Representative,IND, Suzanne Kosmas,0.40299999999999997,DEM
317,Florida,25,U.S. Representative,REP,David Rivera,0.522,
318,Florida,25,U.S. Representative,IND,Joe Garcia,0.426,DEM
319,Florida,25,U.S. Representative,IND,Roly Arroyo,0.03,
320,Florida,25,U.S. Representative,IND,Craig Porter,0.022000000000000002,
321,Georgia,1,U.S. Representative,REP,Jack Kingston,0.716,
322,Georgia,1,U.S. Representative,IND,Oscar Harris,0.284,DEM
323,Georgia,2,U.S. Representative,IND,Sanford Bishop,0.514,DEM
324,Georgia,2,U.S. Representative,REP,Mike Keown,0.486,
325,Georgia,3,U.S. Representative,REP,Lynn Westmoreland,0.695,
326,Georgia,3,U.S. Representative,IND,Frank Saunders,0.305,DEM
327,Georgia,4,U.S. Representative,IND,Hank Johnson,0.747,DEM
328,Georgia,4,U.S. Representative,REP,Liz Carter,0.253,
329,Georgia,5,U.S. Representative,IND,John Lewis,0.737,DEM
330,Georgia,5,U.S. Representative,REP,Fenn Little,0.263,
331,Georgia,6,U.S. Representative,REP,Tom Price,1.0,
332,Georgia,7,U.S. Representative,REP,Rob Woodall,0.6709999999999999,
333,Georgia,7,U.S. Representative,IND,Doug Heckman,0.32899999999999996,DEM
334,Georgia,8,U.S. Representative,REP,Austin Scott,0.527,
335,Georgia,8,U.S. Representative,IND,Jim Marshall,0.473,DEM
336,Georgia,9,U.S. Representative,REP,Tom Graves,1.0,
337,Georgia,10,U.S. Representative,REP,Paul Broun,0.674,
338,Georgia,10,U.S. Representative,IND,Russell Edwards,0.326,DEM
339,Georgia,11,U.S. Representative,REP,Phil Gingrey,1.0,
340,Georgia,12,U.S. Representative,IND,John Barrow,0.5660000000000001,DEM
341,Georgia,12,U.S. Representative,REP,Raymond McKinney,0.434,
342,Georgia,13,U.S. Representative,IND,David Scott,0.6940000000000001,DEM
343,Georgia,13,U.S. Representative,REP,Mike Crane,0.306,
344,Hawaii,1,U.S. Representative,IND,Colleen Hanabusa,0.532,DEM
345,Hawaii,1,U.S. Representative,REP,Charles Djou,0.46799999999999997,
346,Hawaii,2,U.S. Representative,IND,Mazie Hirono,0.722,DEM
347,Hawaii,2,U.S. Representative,REP,John Willoughby,0.253,
348,Hawaii,2,U.S. Representative,LIB,Patric Brock,0.018000000000000002,
349,Hawaii,2,U.S. Representative,IND,Andrew Von Sonn,0.006999999999999999,
350,Idaho,1,U.S. Representative,REP,Raúl Labrador,0.51,
351,Idaho,1,U.S. Representative,IND,Walt Minnick,0.413,DEM
352,Idaho,1,U.S. Representative,IND,Dave Olson,0.057999999999999996,
353,Idaho,1,U.S. Representative,LIB,Mike Washburn,0.019,
354,Idaho,2,U.S. Representative,REP,Mike Simpson,0.688,
355,Idaho,2,U.S. Representative,IND,Mike Crawford,0.244,DEM
356,Idaho,2,U.S. Representative,IND,Brian Schad,0.068,
357,Illinois,1,U.S. Representative,IND,Bobby Rush,0.8029999999999999,DEM
358,Illinois,1,U.S. Representative,REP,Ray Wardingley,0.159,
359,Illinois,1,U.S. Representative,IND,Jeff Adams,0.038,
360,Illinois,2,U.S. Representative,IND,Jesse Jackson Jr.,0.805,DEM
361,Illinois,2,U.S. Representative,REP,Isaac C. Hayes,0.138,
362,Illinois,2,U.S. Representative,IND,Anthony Williams,0.057,
363,Illinois,3,U.S. Representative,IND,Dan Lipinski,0.6970000000000001,DEM
364,Illinois,3,U.S. Representative,REP,Michael Bendas,0.243,
365,Illinois,3,U.S. Representative,IND,Laurel Lambert Schmidt,0.06,
366,Illinois,4,U.S. Representative,IND,Luis Gutiérrez,0.774,DEM
367,Illinois,4,U.S. Representative,REP,Israel Vázquez,0.14300000000000002,
368,Illinois,4,U.S. Representative,IND,Robert J. Burns,0.083,
369,Illinois,5,U.S. Representative,IND,Michael Quigley,0.706,DEM
370,Illinois,5,U.S. Representative,REP,David Ratowitz,0.254,
371,Illinois,5,U.S. Representative,IND,Matthew Reichel,0.04,
372,Illinois,6,U.S. Representative,REP,Peter Roskam,0.637,
373,Illinois,6,U.S. Representative,IND,Benjamin Lowe,0.363,DEM
374,Illinois,7,U.S. Representative,IND,Danny Davis,0.815,DEM
375,Illinois,7,U.S. Representative,REP,Mark Weiman,0.161,
376,Illinois,7,U.S. Representative,IND,Clarence Desmond Clemons,0.024,
377,Illinois,8,U.S. Representative,REP,Joe Walsh,0.485,
378,Illinois,8,U.S. Representative,IND,Melissa Bean,0.483,DEM
379,Illinois,8,U.S. Representative,IND,Bill Scheurer,0.032,
380,Illinois,9,U.S. Representative,IND,Jan Schakowsky,0.6629999999999999,DEM
381,Illinois,9,U.S. Representative,REP,Joel Pollak,0.311,
382,Illinois,9,U.S. Representative,IND,Simon Ribeiro,0.025,
383,Illinois,10,U.S. Representative,REP,Robert Dold,0.511,
384,Illinois,10,U.S. Representative,IND,Daniel Seals,0.489,DEM
385,Illinois,11,U.S. Representative,REP,Adam Kinzinger,0.574,
386,Illinois,11,U.S. Representative,IND,Debbie Halvorson,0.426,DEM
387,Illinois,12,U.S. Representative,IND,Jerry Costello,0.598,DEM
388,Illinois,12,U.S. Representative,REP,Teri Newman,0.365,
389,Illinois,12,U.S. Representative,IND,Rodger Jennings,0.036000000000000004,
390,Illinois,13,U.S. Representative,REP,Judy Biggert,0.638,
391,Illinois,13,U.S. Representative,IND,Scott Harper,0.36200000000000004,DEM
392,Illinois,14,U.S. Representative,REP,Randy Hultgren,0.513,
393,Illinois,14,U.S. Representative,IND,Bill Foster,0.45,DEM
394,Illinois,14,U.S. Representative,IND,Daniel Kairis,0.036000000000000004,
395,Illinois,15,U.S. Representative,REP,Tim Johnson,0.643,
396,Illinois,15,U.S. Representative,IND,David Gill,0.35700000000000004,DEM
397,Illinois,16,U.S. Representative,REP,Donald Manzullo,0.65,
398,Illinois,16,U.S. Representative,IND,George Gaulrapp,0.31,DEM
399,Illinois,16,U.S. Representative,IND,Terry Campbell,0.04,
400,Illinois,17,U.S. Representative,REP,Bobby Schilling,0.526,
401,Illinois,17,U.S. Representative,IND,Phil Hare,0.43,DEM
402,Illinois,17,U.S. Representative,IND,Roger Davis,0.044000000000000004,
403,Illinois,18,U.S. Representative,REP,Aaron Schock,0.691,
404,Illinois,18,U.S. Representative,IND, D.K. Hirner,0.258,DEM
405,Illinois,18,U.S. Representative,IND,Sheldon Schafer,0.051,
406,Illinois,19,U.S. Representative,REP,John Shimkus,0.7120000000000001,
407,Illinois,19,U.S. Representative,IND,Tim Bagwell,0.28800000000000003,DEM
408,Indiana,1,U.S. Representative,IND,Pete Visclosky,0.586,DEM
409,Indiana,1,U.S. Representative,REP,Mark Leyva,0.386,
410,Indiana,1,U.S. Representative,LIB,Jon Morris,0.027999999999999997,
411,Indiana,2,U.S. Representative,IND,Joe Donnelly,0.48200000000000004,DEM
412,Indiana,2,U.S. Representative,REP,Jackie Walorski,0.46799999999999997,
413,Indiana,2,U.S. Representative,LIB,Mark Vogel,0.05,
414,Indiana,3Special,U.S. Representative,REP,Marlin Stutzman,0.627,
415,Indiana,3Special,U.S. Representative,IND, Tom Hayhurst,0.331,DEM
416,Indiana,3Special,U.S. Representative,LIB,Scott Wise,0.043,
417,Indiana,3,U.S. Representative,REP,Marlin Stutzman,0.628,
418,Indiana,3,U.S. Representative,IND, Tom Hayhurst,0.331,DEM
419,Indiana,3,U.S. Representative,LIB,Scott Wise,0.040999999999999995,
420,Indiana,4,U.S. Representative,REP,Todd Rokita,0.6859999999999999,
421,Indiana,4,U.S. Representative,IND,David Sanders,0.263,DEM
422,Indiana,4,U.S. Representative,LIB,John Duncan,0.051,
423,Indiana,5,U.S. Representative,REP,Dan Burton,0.621,
424,Indiana,5,U.S. Representative,IND,Tim Crawford,0.254,DEM
425,Indiana,5,U.S. Representative,LIB,Richard Reid,0.078,
426,Indiana,5,U.S. Representative,IND,Jesse Trueblood,0.048,
427,Indiana,6,U.S. Representative,REP,Mike Pence,0.6659999999999999,
428,Indiana,6,U.S. Representative,IND,Barry Welsh,0.299,DEM
429,Indiana,6,U.S. Representative,LIB,T. J. Thompson Jr.,0.035,
430,Indiana,7,U.S. Representative,IND,André Carson,0.589,DEM
431,Indiana,7,U.S. Representative,REP,Marvin Scott,0.37799999999999995,
432,Indiana,7,U.S. Representative,LIB,Dav Wilson,0.033,
433,Indiana,8,U.S. Representative,REP,Larry Bucshon,0.5760000000000001,
434,Indiana,8,U.S. Representative,IND,Trent VanHaaften,0.374,DEM
435,Indiana,8,U.S. Representative,LIB,John Cunningham,0.05,
436,Indiana,9,U.S. Representative,REP,Todd Young,0.523,
437,Indiana,9,U.S. Representative,IND,Baron Hill,0.423,DEM
438,Indiana,9,U.S. Representative,LIB,Greg Knott,0.054000000000000006,
439,Iowa,1,U.S. Representative,IND,Bruce Braley,0.495,DEM
440,Iowa,1,U.S. Representative,REP,Benjamin Lange,0.475,
441,Iowa,1,U.S. Representative,LIB,Rob Petsche,0.019,
442,Iowa,1,U.S. Representative,IND,Jason Faulkner,0.01,
443,Iowa,2,U.S. Representative,IND,David Loebsack,0.51,DEM
444,Iowa,2,U.S. Representative,REP,Mariannette Miller-Meeks,0.45899999999999996,
445,Iowa,2,U.S. Representative,LIB,Gary Sicard,0.019,
446,Iowa,2,U.S. Representative,IND,Jon Tack,0.011000000000000001,
447,Iowa,3,U.S. Representative,IND,Leonard Boswell,0.507,DEM
448,Iowa,3,U.S. Representative,REP,Brad Zaun,0.465,
449,Iowa,3,U.S. Representative,IND,Rebecca Williamson,0.026000000000000002,
450,Iowa,4,U.S. Representative,REP,Tom Latham,0.6559999999999999,
451,Iowa,4,U.S. Representative,IND,Bill Maske,0.32,DEM
452,Iowa,4,U.S. Representative,IND,Dan Lensing,0.024,
453,Iowa,5,U.S. Representative,REP,Steve King,0.6579999999999999,
454,Iowa,5,U.S. Representative,IND,Matt Campbell,0.32299999999999995,DEM
455,Iowa,5,U.S. Representative,IND,Martin James Monroe,0.019,
456,Kansas,1,U.S. Representative,REP,Tim Huelskamp,0.737,
457,Kansas,1,U.S. Representative,IND,Alan Jilka,0.228,DEM
458,Kansas,1,U.S. Representative,LIB,Jack Warner,0.033,
459,Kansas,2,U.S. Representative,REP,Lynn Jenkins,0.631,
460,Kansas,2,U.S. Representative,IND,Cheryl Hudspeth,0.32299999999999995,DEM
461,Kansas,2,U.S. Representative,LIB,Robert Garrard,0.045,
462,Kansas,3,U.S. Representative,REP,Kevin Yoder,0.584,
463,Kansas,3,U.S. Representative,IND,Stephene Moore,0.386,DEM
464,Kansas,3,U.S. Representative,LIB,Jasmin Talbert,0.028999999999999998,
465,Kansas,4,U.S. Representative,REP,Mike Pompeo,0.5870000000000001,
466,Kansas,4,U.S. Representative,IND,Raj Goyle,0.364,DEM
467,Kansas,4,U.S. Representative,IND,Susan Ducey,0.024,
468,Kansas,4,U.S. Representative,LIB,Shawn Smith,0.022000000000000002,
469,Kentucky,1,U.S. Representative,REP,Ed Whitfield,0.7120000000000001,
470,Kentucky,1,U.S. Representative,IND,Charles Kendall Hatchett,0.28800000000000003,DEM
471,Kentucky,2,U.S. Representative,REP,Brett Guthrie,0.679,
472,Kentucky,2,U.S. Representative,IND,Ed Marksberry,0.321,DEM
473,Kentucky,3,U.S. Representative,IND,John Yarmuth,0.547,DEM
474,Kentucky,3,U.S. Representative,REP,Todd Lally,0.44,
475,Kentucky,3,U.S. Representative,LIB,Edward Martin,0.008,
476,Kentucky,3,U.S. Representative,IND,Michael Hansen,0.005,
477,Kentucky,4,U.S. Representative,REP,Geoff Davis,0.695,
478,Kentucky,4,U.S. Representative,IND, John Waltz,0.305,DEM
479,Kentucky,5,U.S. Representative,REP,Hal Rogers,0.774,
480,Kentucky,5,U.S. Representative,IND,Jim Holbert,0.226,DEM
481,Kentucky,6,U.S. Representative,IND,Ben Chandler,0.501,DEM
482,Kentucky,6,U.S. Representative,REP,Andy Barr,0.498,
483,Louisiana,1,U.S. Representative,REP,Steve Scalise,0.785,
484,Louisiana,1,U.S. Representative,IND,Myron Katz,0.192,DEM
485,Louisiana,1,U.S. Representative,IND,Arden Wells,0.023,
486,Louisiana,2,U.S. Representative,IND,Cedric Richmond,0.6459999999999999,DEM
487,Louisiana,2,U.S. Representative,REP,Joseph Cao,0.335,
488,Louisiana,2,U.S. Representative,IND,Anthony Marquize,0.013999999999999999,
489,Louisiana,2,U.S. Representative,IND,Jack Radosta,0.005,
490,Louisiana,3,U.S. Representative,REP,Jeff Landry,0.638,
491,Louisiana,3,U.S. Representative,IND,Ravi Sangisetty,0.36200000000000004,DEM
492,Louisiana,4,U.S. Representative,REP,John Fleming,0.623,
493,Louisiana,4,U.S. Representative,IND,David Melville,0.324,DEM
494,Louisiana,4,U.S. Representative,IND,Artis Cash,0.053,
495,Louisiana,5,U.S. Representative,REP,Rodney Alexander,0.7859999999999999,
496,Louisiana,5,U.S. Representative,IND,Tom Gibbs,0.214,
497,Louisiana,6,U.S. Representative,REP,Bill Cassidy,0.6559999999999999,
498,Louisiana,6,U.S. Representative,IND,Merritt McDonald,0.344,DEM
499,Louisiana,7,U.S. Representative,REP,Charles Boustany,1.0,
500,Maine,1,U.S. Representative,IND,Chellie Pingree,0.568,DEM
501,Maine,1,U.S. Representative,REP,Dean Peter Scontras,0.43200000000000005,
502,Maine,2,U.S. Representative,IND,Mike Michaud,0.551,DEM
503,Maine,2,U.S. Representative,REP,Jason Levesque,0.449,
504,Maryland,1,U.S. Representative,REP,Andy Harris,0.541,
505,Maryland,1,U.S. Representative,IND,Frank Kratovil,0.42,DEM
506,Maryland,1,U.S. Representative,LIB,Richard James Davis,0.038,
507,Maryland,2,U.S. Representative,IND,Dutch Ruppersberger,0.642,DEM
508,Maryland,2,U.S. Representative,REP,Marcello Cardarelli,0.33299999999999996,
509,Maryland,2,U.S. Representative,LIB,Lorenzo Gaztanaga,0.024,
510,Maryland,3,U.S. Representative,IND,John Sarbanes,0.611,DEM
511,Maryland,3,U.S. Representative,REP,Jim Wilhelm,0.36,
512,Maryland,3,U.S. Representative,LIB,Jerry McKinley,0.022000000000000002,
513,Maryland,3,U.S. Representative,IND,Alain Lareau,0.006999999999999999,
514,Maryland,4,U.S. Representative,IND,Donna Edwards,0.8340000000000001,DEM
515,Maryland,4,U.S. Representative,REP,Robert Broadus,0.16399999999999998,
516,Maryland,5,U.S. Representative,IND,Steny Hoyer,0.643,DEM
517,Maryland,5,U.S. Representative,REP,Charles Lollar,0.34600000000000003,
518,Maryland,5,U.S. Representative,LIB,Gavin Shickle,0.011000000000000001,
519,Maryland,6,U.S. Representative,REP,Roscoe Bartlett,0.615,
520,Maryland,6,U.S. Representative,IND,Andrew Duck,0.332,DEM
521,Maryland,6,U.S. Representative,LIB,Dan Massey,0.027999999999999997,
522,Maryland,6,U.S. Representative,IND,Michael Reed,0.024,
523,Maryland,7,U.S. Representative,IND,Elijah Cummings,0.752,DEM
524,Maryland,7,U.S. Representative,REP,Frank Mirable Jr.,0.228,
525,Maryland,7,U.S. Representative,LIB,Scott Spencer,0.019,
526,Maryland,8,U.S. Representative,IND,Chris Van Hollen Jr.,0.733,DEM
527,Maryland,8,U.S. Representative,REP,Michael Lee Philips,0.25,
528,Maryland,8,U.S. Representative,LIB,Mark Grannis,0.013000000000000001,
529,Maryland,8,U.S. Representative,IND,Fred Nordhorn,0.003,
530,Massachusetts,1,U.S. Representative,IND,John Olver,0.6,DEM
531,Massachusetts,1,U.S. Representative,REP,William Gunn,0.349,
532,Massachusetts,1,U.S. Representative,IND,Michael Engel,0.051,
533,Massachusetts,2,U.S. Representative,IND,Richard Neal,0.574,DEM
534,Massachusetts,2,U.S. Representative,REP,Thomas Wesley,0.426,
535,Massachusetts,3,U.S. Representative,IND,Jim McGovern,0.565,DEM
536,Massachusetts,3,U.S. Representative,REP,Martin Lamb,0.392,
537,Massachusetts,3,U.S. Representative,IND,Patrick Barron,0.043,
538,Massachusetts,4,U.S. Representative,IND,Barney Frank,0.539,DEM
539,Massachusetts,4,U.S. Representative,REP,Sean Bielat,0.434,
540,Massachusetts,4,U.S. Representative,IND,Susan Allen,0.015,
541,Massachusetts,4,U.S. Representative,IND,Donald Jordan,0.012,
542,Massachusetts,5,U.S. Representative,IND,Niki Tsongas,0.5489999999999999,DEM
543,Massachusetts,5,U.S. Representative,REP,Jonathan Golnik,0.423,
544,Massachusetts,5,U.S. Representative,IND,Dale Brown,0.02,
545,Massachusetts,5,U.S. Representative,IND,Robert Clark,0.009000000000000001,
546,Massachusetts,6,U.S. Representative,IND,John Tierney,0.569,DEM
547,Massachusetts,6,U.S. Representative,REP,Bill Hudak,0.431,
548,Massachusetts,7,U.S. Representative,IND,Ed Markey,0.665,DEM
549,Massachusetts,7,U.S. Representative,REP,Gerry Dembrowski,0.335,
550,Massachusetts,8,U.S. Representative,IND,Mike Capuano,1.0,DEM
551,Massachusetts,9,U.S. Representative,IND,Stephen Lynch,0.684,DEM
552,Massachusetts,9,U.S. Representative,REP,Vernon Harrison,0.261,
553,Massachusetts,9,U.S. Representative,IND,Philip Dunkelbarger,0.055999999999999994,
554,Massachusetts,10,U.S. Representative,IND,William Keating,0.469,DEM
555,Massachusetts,10,U.S. Representative,REP,Jeff Perry,0.424,
556,Massachusetts,10,U.S. Representative,IND,Maryanne Lewis,0.059000000000000004,
557,Massachusetts,10,U.S. Representative,IND,James Sheets,0.037000000000000005,
558,Massachusetts,10,U.S. Representative,IND,Joe Van Nes,0.011000000000000001,
559,Michigan,1,U.S. Representative,REP,Dan Benishek,0.519,
560,Michigan,1,U.S. Representative,IND,Gary McDowell,0.409,DEM
561,Michigan,1,U.S. Representative,IND,Glenn Wilson,0.034,
562,Michigan,1,U.S. Representative,IND,Pat Lambert,0.018000000000000002,
563,Michigan,1,U.S. Representative,LIB,Keith Shelton,0.011000000000000001,
564,Michigan,1,U.S. Representative,IND,Ellis Boal,0.009000000000000001,
565,Michigan,2,U.S. Representative,REP,Bill Huizenga,0.653,
566,Michigan,2,U.S. Representative,IND,Fred Johnson,0.316,DEM
567,Michigan,2,U.S. Representative,LIB,Jay Gillotte,0.012,
568,Michigan,2,U.S. Representative,IND,Ronald Graeser,0.01,
569,Michigan,2,U.S. Representative,IND,Lloyd Clarke,0.009000000000000001,
570,Michigan,3,U.S. Representative,REP,Justin Amash,0.597,
571,Michigan,3,U.S. Representative,IND,Pat Miles,0.375,DEM
572,Michigan,3,U.S. Representative,LIB,James Rogers,0.012,
573,Michigan,3,U.S. Representative,IND,Ted Gerrard,0.01,
574,Michigan,3,U.S. Representative,IND,Charlie Shick,0.006999999999999999,
575,Michigan,4,U.S. Representative,REP,Dave Camp,0.662,
576,Michigan,4,U.S. Representative,IND,Jerry Campbell,0.305,DEM
577,Michigan,4,U.S. Representative,IND,John Emerick,0.017,
578,Michigan,4,U.S. Representative,LIB,Clint Foster,0.016,
579,Michigan,5,U.S. Representative,IND,Dale Kildee,0.53,DEM
580,Michigan,5,U.S. Representative,REP,John Kuipec,0.44299999999999995,
581,Michigan,5,U.S. Representative,IND,Matt de Heus,0.013000000000000001,
582,Michigan,5,U.S. Representative,LIB,Michael Moon,0.013000000000000001,
583,Michigan,6,U.S. Representative,REP,Fred Upton,0.62,
584,Michigan,6,U.S. Representative,IND,Don Cooney,0.336,DEM
585,Michigan,6,U.S. Representative,IND,Mel Vaulkner,0.018000000000000002,
586,Michigan,6,U.S. Representative,LIB,Fred Strand,0.017,
587,Michigan,6,U.S. Representative,IND,Pat Foster,0.009000000000000001,
588,Michigan,7,U.S. Representative,REP,Tim Walberg,0.502,
589,Michigan,7,U.S. Representative,IND,Mark Schauer,0.45399999999999996,DEM
590,Michigan,7,U.S. Representative,IND,Scott Aughney,0.016,
591,Michigan,7,U.S. Representative,LIB,Greg Merle,0.013999999999999999,
592,Michigan,7,U.S. Representative,IND,Richard Wunsch,0.013999999999999999,
593,Michigan,8,U.S. Representative,REP,Mike Rogers,0.6409999999999999,
594,Michigan,8,U.S. Representative,IND,Lance Enderle,0.34299999999999997,DEM
595,Michigan,8,U.S. Representative,LIB,Bob Dashairya,0.016,
596,Michigan,9,U.S. Representative,IND,Gary Peters,0.498,DEM
597,Michigan,9,U.S. Representative,REP,Andrew Raczkowski,0.47200000000000003,
598,Michigan,9,U.S. Representative,IND,Douglas Campbell,0.01,
599,Michigan,9,U.S. Representative,LIB,Adam Goodman,0.01,
600,Michigan,9,U.S. Representative,IND,Bob Gray,0.006999999999999999,
601,Michigan,9,U.S. Representative,IND,Matthew Kuofie,0.003,
602,Michigan,10,U.S. Representative,REP,Candice Miller,0.72,
603,Michigan,10,U.S. Representative,IND,Henry Yanez,0.25,DEM
604,Michigan,10,U.S. Representative,LIB,Claude Beavers,0.016,
605,Michigan,10,U.S. Representative,IND,Candace Caveny,0.013999999999999999,
606,Michigan,11,U.S. Representative,REP,Thad McCotter,0.593,
607,Michigan,11,U.S. Representative,IND,Natalie Mosher,0.385,DEM
608,Michigan,11,U.S. Representative,LIB,John Tatar,0.022000000000000002,
609,Michigan,12,U.S. Representative,IND,Sander Levin,0.611,DEM
610,Michigan,12,U.S. Representative,REP,Don Volaric,0.35,
611,Michigan,12,U.S. Representative,IND,Julia Williams,0.015,
612,Michigan,12,U.S. Representative,LIB,Leonard Schwartz,0.011000000000000001,
613,Michigan,12,U.S. Representative,IND,Lester Townsend,0.011000000000000001,
614,Michigan,12,U.S. Representative,IND,Alan Jacquemotte,0.002,
615,Michigan,13,U.S. Representative,IND,Hansen Clarke,0.794,DEM
616,Michigan,13,U.S. Representative,REP,John Hauler,0.185,
617,Michigan,13,U.S. Representative,IND,George Corsetti,0.008,
618,Michigan,13,U.S. Representative,IND,Duane Montgomery,0.006999999999999999,
619,Michigan,13,U.S. Representative,LIB,Heidi Peterson,0.006,
620,Michigan,14,U.S. Representative,IND,John Conyers Jr.,0.768,DEM
621,Michigan,14,U.S. Representative,REP,Don Ukrainec,0.19899999999999998,
622,Michigan,14,U.S. Representative,IND,Marc Sosnowski,0.021,
623,Michigan,14,U.S. Representative,LIB,Rick Secula,0.012,
624,Michigan,15,U.S. Representative,IND,John Dingell,0.568,DEM
625,Michigan,15,U.S. Representative,REP,Rob Steele,0.401,
626,Michigan,15,U.S. Representative,IND,Aimee Smith,0.013000000000000001,
627,Michigan,15,U.S. Representative,LIB,Kerry Lee Morgan,0.009000000000000001,
628,Michigan,15,U.S. Representative,IND,Matthew Furman,0.009000000000000001,
629,Minnesota,1,U.S. Representative,IND,Tim Walz,0.493,DEM
630,Minnesota,1,U.S. Representative,REP,Randy Demmer,0.441,
631,Minnesota,1,U.S. Representative,IND,Steven Wilson,0.053,
632,Minnesota,1,U.S. Representative,IND,Lars Johnson,0.012,
633,Minnesota,2,U.S. Representative,REP,John Kline,0.633,
634,Minnesota,2,U.S. Representative,IND,Shelly Madore,0.366,DEM
635,Minnesota,3,U.S. Representative,REP,Erik Paulsen,0.588,
636,Minnesota,3,U.S. Representative,IND,Jim Meffert,0.366,DEM
637,Minnesota,3,U.S. Representative,IND,Jon Oleson,0.046,
638,Minnesota,4,U.S. Representative,IND,Betty McCollum,0.591,DEM
639,Minnesota,4,U.S. Representative,REP,Teresa Collett,0.34600000000000003,
640,Minnesota,4,U.S. Representative,IND,Steve Carlson,0.061,
641,Minnesota,5,U.S. Representative,IND,Keith Ellison,0.677,DEM
642,Minnesota,5,U.S. Representative,REP,Joel Demos,0.24100000000000002,
643,Minnesota,5,U.S. Representative,IND,Lynn Torgerson,0.037000000000000005,
644,Minnesota,5,U.S. Representative,IND,Tom Schrunk,0.033,
645,Minnesota,5,U.S. Representative,IND,Michael Cavlan,0.011000000000000001,
646,Minnesota,6,U.S. Representative,REP,Michele Bachmann,0.525,
647,Minnesota,6,U.S. Representative,IND,Tarryl Clark,0.39799999999999996,DEM
648,Minnesota,6,U.S. Representative,IND,Bob Anderson,0.057999999999999996,
649,Minnesota,6,U.S. Representative,IND,Aubrey Immelman,0.018000000000000002,
650,Minnesota,7,U.S. Representative,IND,Collin Peterson,0.552,DEM
651,Minnesota,7,U.S. Representative,REP,Lee Byberg,0.376,
652,Minnesota,7,U.S. Representative,IND,Gene Waldorf,0.039,
653,Minnesota,7,U.S. Representative,IND,Glen Menze,0.033,
654,Minnesota,8,U.S. Representative,REP,Chip Cravaack,0.48200000000000004,
655,Minnesota,8,U.S. Representative,IND,Jim Oberstar,0.466,DEM
656,Minnesota,8,U.S. Representative,IND,Timothy Olson,0.043,
657,Minnesota,8,U.S. Representative,IND,George Burton,0.009000000000000001,
658,Mississippi,1,U.S. Representative,REP,Alan Nunnelee,0.5529999999999999,
659,Mississippi,1,U.S. Representative,IND,Travis Childers,0.408,DEM
660,Mississippi,1,U.S. Representative,IND,Wally Pang,0.01,
661,Mississippi,1,U.S. Representative,IND,Les Green,0.009000000000000001,
662,Mississippi,1,U.S. Representative,IND,A. G. Baddley,0.009000000000000001,
663,Mississippi,1,U.S. Representative,IND,Gail Giaranita,0.006,
664,Mississippi,1,U.S. Representative,IND,Rico Hoskins,0.002,
665,Mississippi,1,U.S. Representative,LIB,Harold Taylor,0.002,
666,Mississippi,1,U.S. Representative,IND,Barbara Washer,0.002,
667,Mississippi,2,U.S. Representative,IND,Bennie Thompson,0.615,DEM
668,Mississippi,2,U.S. Representative,REP,Bill Marcy,0.376,
669,Mississippi,2,U.S. Representative,IND,Ashley Norwood,0.009000000000000001,
670,Mississippi,3,U.S. Representative,REP,Gregg Harper,0.68,
671,Mississippi,3,U.S. Representative,IND,Joel Gill,0.312,DEM
672,Mississippi,3,U.S. Representative,IND,Tracella Lou O'Hara Hill,0.008,
673,Mississippi,4,U.S. Representative,REP,Steven Palazzo,0.519,
674,Mississippi,4,U.S. Representative,IND,Gene Taylor,0.46799999999999997,DEM
675,Mississippi,4,U.S. Representative,LIB,Tim Hampton,0.009000000000000001,
676,Mississippi,4,U.S. Representative,IND,Anna Jewel Revies,0.004,
677,Missouri,1,U.S. Representative,IND,Lacy Clay,0.736,DEM
678,Missouri,1,U.S. Representative,REP,Robyn Hamlin,0.23600000000000002,
679,Missouri,1,U.S. Representative,LIB,Julie Stone,0.027999999999999997,
680,Missouri,2,U.S. Representative,REP,Todd Akin,0.679,
681,Missouri,2,U.S. Representative,IND,Arthur Lieber,0.292,DEM
682,Missouri,2,U.S. Representative,LIB,Steve Mosbacher,0.028999999999999998,
683,Missouri,3,U.S. Representative,IND,Russ Carnahan,0.489,DEM
684,Missouri,3,U.S. Representative,REP,Ed Martin,0.467,
685,Missouri,3,U.S. Representative,LIB,Steven Hedrick,0.027999999999999997,
686,Missouri,3,U.S. Representative,IND,Nick Ivanovich,0.016,
687,Missouri,4,U.S. Representative,REP,Vicky Hartzler,0.504,
688,Missouri,4,U.S. Representative,IND,Ike Skelton,0.451,DEM
689,Missouri,4,U.S. Representative,LIB,Jason Michael Braun,0.027000000000000003,
690,Missouri,4,U.S. Representative,IND,Greg Cowan,0.017,
691,Missouri,5,U.S. Representative,IND,Emanuel Cleaver,0.5329999999999999,DEM
692,Missouri,5,U.S. Representative,REP,Jacob Turk,0.442,
693,Missouri,5,U.S. Representative,LIB,Randy Langkraehr,0.016,
694,Missouri,5,U.S. Representative,IND,Dave Lay,0.009000000000000001,
695,Missouri,6,U.S. Representative,REP,Sam Graves,0.6940000000000001,
696,Missouri,6,U.S. Representative,IND,Clint Hylton,0.305,DEM
697,Missouri,7,U.S. Representative,REP,Billy Long,0.634,
698,Missouri,7,U.S. Representative,IND,Scott Eckersley,0.304,DEM
699,Missouri,7,U.S. Representative,LIB,Kevin Craig,0.062,
700,Missouri,8,U.S. Representative,REP,Jo Ann Emerson,0.6559999999999999,
701,Missouri,8,U.S. Representative,IND,Tommy Sowers,0.28800000000000003,DEM
702,Missouri,8,U.S. Representative,IND,Larry Bill,0.037000000000000005,
703,Missouri,8,U.S. Representative,LIB,Rick Vandeven,0.02,
704,Missouri,9,U.S. Representative,REP,Blaine Luetkemeyer,0.774,
705,Missouri,9,U.S. Representative,LIB,Christopher Dwyer,0.223,
706,Missouri,9,U.S. Representative,IND,Jeff Reed,0.004,
707,Montana,At-Large,U.S. Representative,REP,Denny Rehberg,0.603,
708,Montana,At-Large,U.S. Representative,IND,Dennis McDonald,0.33799999999999997,DEM
709,Montana,At-Large,U.S. Representative,LIB,Mike Fellows,0.057,
710,Nebraska,1,U.S. Representative,REP,Jeff Fortenberry,0.713,
711,Nebraska,1,U.S. Representative,IND,Ivy Harper,0.287,DEM
712,Nebraska,2,U.S. Representative,REP,Lee Terry,0.608,
713,Nebraska,2,U.S. Representative,IND,Tom White,0.392,DEM
714,Nebraska,3,U.S. Representative,REP,Adrian Smith,0.701,
715,Nebraska,3,U.S. Representative,IND,Rebekah Davis,0.179,DEM
716,Nebraska,3,U.S. Representative,IND,Dan Hill,0.12,
717,Nevada,1,U.S. Representative,IND,Shelley Berkley,0.617,DEM
718,Nevada,1,U.S. Representative,REP,Kenneth A. Wegner,0.353,
719,Nevada,1,U.S. Representative,IND,Jonathan J. Hansen,0.017,
720,Nevada,1,U.S. Representative,LIB,Ed Klapproth,0.013000000000000001,
721,Nevada,2,U.S. Representative,REP,Dean Heller,0.633,
722,Nevada,2,U.S. Representative,IND,Nancy Price,0.327,DEM
723,Nevada,2,U.S. Representative,IND,Russell Best,0.04,
724,Nevada,3,U.S. Representative,REP,Joe Heck,0.48100000000000004,
725,Nevada,3,U.S. Representative,IND,Dina Titus,0.475,DEM
726,Nevada,3,U.S. Representative,IND,Barry Michaels,0.024,
727,Nevada,3,U.S. Representative,LIB,Joseph P. Silvestri,0.015,
728,Nevada,3,U.S. Representative,IND,Scott David Narder,0.005,
729,New Hampshire,1,U.S. Representative,REP,Frank Guinta,0.54,
730,New Hampshire,1,U.S. Representative,IND,Carol Shea-Porter,0.424,DEM
731,New Hampshire,1,U.S. Representative,LIB,Philip Hodson,0.035,
732,New Hampshire,2,U.S. Representative,REP,Charlie Bass,0.483,
733,New Hampshire,2,U.S. Representative,IND,Ann McLane Kuster,0.46799999999999997,DEM
734,New Hampshire,2,U.S. Representative,IND,Tim vanBlommesteyn,0.027999999999999997,
735,New Hampshire,2,U.S. Representative,LIB,Howard Wilson,0.021,
736,New Jersey,1,U.S. Representative,IND,Rob Andrews,0.632,DEM
737,New Jersey,1,U.S. Representative,REP,Dale Glading,0.348,
738,New Jersey,1,U.S. Representative,IND,Mark Heacock,0.01,
739,New Jersey,1,U.S. Representative,IND,Margaret Chapman,0.006999999999999999,
740,New Jersey,1,U.S. Representative,IND,Nicky Petrutz,0.003,
741,New Jersey,2,U.S. Representative,REP,Frank LoBiondo,0.655,
742,New Jersey,2,U.S. Representative,IND,Gary Stein,0.309,DEM
743,New Jersey,2,U.S. Representative,IND,Peter Boyce,0.025,
744,New Jersey,2,U.S. Representative,IND,Mark Lovett,0.006999999999999999,
745,New Jersey,2,U.S. Representative,IND,Vitov Valdes-Munoz,0.004,
746,New Jersey,3,U.S. Representative,REP,Jon Runyan,0.5,
747,New Jersey,3,U.S. Representative,IND,John Adler,0.473,DEM
748,New Jersey,3,U.S. Representative,IND,Peter DeStefano,0.015,
749,New Jersey,3,U.S. Representative,LIB,Russ Conger,0.006999999999999999,
750,New Jersey,3,U.S. Representative,IND,Lawrence Donahue,0.005,
751,New Jersey,4,U.S. Representative,REP,Chris Smith,0.6940000000000001,
752,New Jersey,4,U.S. Representative,IND,Howard Kleinhendler,0.27899999999999997,DEM
753,New Jersey,4,U.S. Representative,LIB,Joe Siano,0.016,
754,New Jersey,4,U.S. Representative,IND,Steven Welzer,0.008,
755,New Jersey,4,U.S. Representative,IND,David Meiswinkle,0.003,
756,New Jersey,5,U.S. Representative,REP,Scott Garrett,0.65,
757,New Jersey,5,U.S. Representative,IND,Tod Thiese,0.327,DEM
758,New Jersey,5,U.S. Representative,IND,Ed Fanning,0.012,
759,New Jersey,5,U.S. Representative,IND,Mark Quick,0.009000000000000001,
760,New Jersey,5,U.S. Representative,IND,James Radigan,0.002,
761,New Jersey,6,U.S. Representative,IND,Frank Pallone,0.547,DEM
762,New Jersey,6,U.S. Representative,REP,Anna C. Little,0.43700000000000006,
763,New Jersey,6,U.S. Representative,IND,Jack Freudenheim,0.009000000000000001,
764,New Jersey,6,U.S. Representative,IND,Karen Anne Zaletel,0.006999999999999999,
765,New Jersey,7,U.S. Representative,REP,Leonard Lance,0.594,
766,New Jersey,7,U.S. Representative,IND, Ed Potosnak,0.406,DEM
767,New Jersey,8,U.S. Representative,IND,Bill Pascrell,0.627,DEM
768,New Jersey,8,U.S. Representative,REP,Roland Straten,0.361,
769,New Jersey,8,U.S. Representative,IND, Raymond Giangrasso,0.012,
770,New Jersey,9,U.S. Representative,IND,Steve Rothman,0.607,DEM
771,New Jersey,9,U.S. Representative,REP,Michael Agosta,0.37799999999999995,
772,New Jersey,9,U.S. Representative,IND,Patricia Alessandrini,0.013999999999999999,
773,New Jersey,10,U.S. Representative,IND,Don Payne,0.852,DEM
774,New Jersey,10,U.S. Representative,REP,Michael Alonso,0.128,
775,New Jersey,10,U.S. Representative,IND,Joanne Miller,0.01,
776,New Jersey,10,U.S. Representative,IND,Robert Louis Toussaint,0.01,
777,New Jersey,11,U.S. Representative,REP,Rodney Frelinghuysen,0.672,
778,New Jersey,11,U.S. Representative,IND,Douglas Herbert,0.305,DEM
779,New Jersey,11,U.S. Representative,LIB,Jim Gawron,0.023,
780,New Jersey,12,U.S. Representative,IND,Rush Holt Jr.,0.53,DEM
781,New Jersey,12,U.S. Representative,REP,Scott M. Sipprelle,0.45899999999999996,
782,New Jersey,12,U.S. Representative,IND,Kenneth Cody,0.011000000000000001,
783,New Jersey,13,U.S. Representative,IND,Albio Sires,0.741,DEM
784,New Jersey,13,U.S. Representative,REP,Henrietta Dwyer,0.23,
785,New Jersey,13,U.S. Representative,IND,Anthony Zanowic,0.018000000000000002,
786,New Jersey,13,U.S. Representative,IND,Máximo Gómez Nacer,0.011000000000000001,
787,New Mexico,1,U.S. Representative,IND,Martin Heinrich,0.518,DEM
788,New Mexico,1,U.S. Representative,REP,Jon Barela,0.48200000000000004,
789,New Mexico,2,U.S. Representative,REP,Steve Pearce,0.5539999999999999,
790,New Mexico,2,U.S. Representative,IND,Harry Teague,0.446,DEM
791,New Mexico,3,U.S. Representative,IND,Ben Lujan,0.57,DEM
792,New Mexico,3,U.S. Representative,REP, Tom Mullins,0.43,
793,New York,1,U.S. Representative,IND,Tim Bishop,0.502,DEM
794,New York,1,U.S. Representative,REP,Randy Altschuler,0.498,
795,New York,2,U.S. Representative,IND,Steve Israel,0.564,DEM
796,New York,2,U.S. Representative,REP,John Gomez,0.429,
797,New York,2,U.S. Representative,IND,Anthony Tolda,0.006999999999999999,
798,New York,3,U.S. Representative,REP,Peter King,0.72,
799,New York,3,U.S. Representative,IND,Howard Kudler,0.28,DEM
800,New York,4,U.S. Representative,IND,Carolyn McCarthy,0.536,DEM
801,New York,4,U.S. Representative,REP,Fran Becker,0.46399999999999997,
802,New York,5,U.S. Representative,IND,Gary Ackerman,0.631,DEM
803,New York,5,U.S. Representative,REP,James Milano,0.36200000000000004,
804,New York,5,U.S. Representative,LIB,Elizabeth Berney,0.006999999999999999,
805,New York,6,U.S. Representative,IND,Gregory Meeks,0.878,DEM
806,New York,6,U.S. Representative,REP,Asher Taub,0.122,
807,New York,7,U.S. Representative,IND,Joseph Crowley,0.8059999999999999,DEM
808,New York,7,U.S. Representative,REP,Ken Reynolds,0.182,
809,New York,7,U.S. Representative,IND,Anthony Gronowicz,0.012,
810,New York,8,U.S. Representative,IND,Jerrold Nadler,0.755,DEM
811,New York,8,U.S. Representative,REP,Susan Kone,0.245,
812,New York,9,U.S. Representative,IND,Anthony Weiner,0.608,DEM
813,New York,9,U.S. Representative,REP,Bob Turner,0.392,
814,New York,10,U.S. Representative,IND,Ed Towns,0.9109999999999999,DEM
815,New York,10,U.S. Representative,REP,Diana Muniz,0.071,
816,New York,10,U.S. Representative,IND,Ernest Johnson,0.018000000000000002,
817,New York,11,U.S. Representative,IND,Yvette Clarke,0.9059999999999999,DEM
818,New York,11,U.S. Representative,REP,Hugh Carr,0.094,
819,New York,12,U.S. Representative,IND,Nydia Velázquez,0.9390000000000001,DEM
820,New York,12,U.S. Representative,IND,Alice Gaffney,0.061,
821,New York,13,U.S. Representative,REP,Mike Grimm,0.513,
822,New York,13,U.S. Representative,IND,Michael McMahon,0.48,DEM
823,New York,13,U.S. Representative,LIB,Tom Vendittelli,0.006999999999999999,
824,New York,14,U.S. Representative,IND,Carolyn Maloney,0.7509999999999999,DEM
825,New York,14,U.S. Representative,REP,David Brumberg,0.22399999999999998,
826,New York,14,U.S. Representative,IND,Timothy Healy,0.013000000000000001,
827,New York,14,U.S. Representative,IND,Dino LaVerghetta,0.011000000000000001,
828,New York,15,U.S. Representative,IND,Charles Rangel,0.804,DEM
829,New York,15,U.S. Representative,REP,Michael Faulkner,0.10400000000000001,
830,New York,15,U.S. Representative,IND,Craig Schley,0.068,
831,New York,15,U.S. Representative,IND,Roger Calero,0.023,
832,New York,16,U.S. Representative,IND,José Serrano,0.963,DEM
833,New York,16,U.S. Representative,REP,Frank Della Valle,0.037000000000000005,
834,New York,17,U.S. Representative,IND,Eliot Engel,0.7290000000000001,DEM
835,New York,17,U.S. Representative,REP,Anthony Mele,0.228,
836,New York,17,U.S. Representative,IND,York Kleinhandler,0.043,
837,New York,18,U.S. Representative,IND,Nita Lowey,0.622,DEM
838,New York,18,U.S. Representative,REP,James Russell,0.37799999999999995,
839,New York,19,U.S. Representative,REP,Nan Hayworth,0.527,
840,New York,19,U.S. Representative,IND,John Hall,0.473,DEM
841,New York,20,U.S. Representative,REP,Chris Gibson,0.5489999999999999,
842,New York,20,U.S. Representative,IND,Scott Murphy,0.451,DEM
843,New York,21,U.S. Representative,IND,Paul Tonko,0.593,DEM
844,New York,21,U.S. Representative,REP,Theodore Danz,0.40700000000000003,
845,New York,22,U.S. Representative,IND,Maurice Hinchey,0.527,DEM
846,New York,22,U.S. Representative,REP,George Phillips,0.473,
847,New York,23,U.S. Representative,IND,Bill Owens,0.475,DEM
848,New York,23,U.S. Representative,REP,Matt Doheny,0.46399999999999997,
849,New York,23,U.S. Representative,IND,Doug Hoffman,0.061,
850,New York,24,U.S. Representative,REP,Richard L. Hanna,0.531,
851,New York,24,U.S. Representative,IND,Mike Arcuri,0.469,DEM
852,New York,25,U.S. Representative,REP,Ann Marie Buerkle,0.502,
853,New York,25,U.S. Representative,IND,Dan Maffei,0.498,DEM
854,New York,26,U.S. Representative,REP,Chris Lee,0.736,
855,New York,26,U.S. Representative,IND,Philip Fedele,0.264,DEM
856,New York,27,U.S. Representative,IND,Brian Higgins,0.609,DEM
857,New York,27,U.S. Representative,REP,Leonard Roberto,0.391,
858,New York,28,U.S. Representative,IND,Louise Slaughter,0.649,DEM
859,New York,28,U.S. Representative,REP,Jill Rowland,0.35100000000000003,
860,New York,29,U.S. Representative,REP,Tom Reed,0.5660000000000001,
861,New York,29,U.S. Representative,IND,Matthew Zeller,0.434,DEM
862,North Carolina,1,U.S. Representative,IND,G.K. Butterfield,0.593,DEM
863,North Carolina,1,U.S. Representative,REP,Ashley Woolard,0.40700000000000003,
864,North Carolina,2,U.S. Representative,REP,Renee Ellmers,0.495,
865,North Carolina,2,U.S. Representative,IND,Bob Etheridge,0.48700000000000004,DEM
866,North Carolina,2,U.S. Representative,LIB,Tom Rose,0.018000000000000002,
867,North Carolina,3,U.S. Representative,REP,Walter Jones Jr.,0.7190000000000001,
868,North Carolina,3,U.S. Representative,IND,Johnny Rouse,0.257,DEM
869,North Carolina,3,U.S. Representative,LIB,Darryl Holloman,0.024,
870,North Carolina,4,U.S. Representative,IND,David Price,0.5720000000000001,DEM
871,North Carolina,4,U.S. Representative,REP,B.J. Lawson,0.428,
872,North Carolina,5,U.S. Representative,REP,Virginia Foxx,0.659,
873,North Carolina,6,U.S. Representative,REP,Howard Coble,0.752,
874,North Carolina,6,U.S. Representative,IND,Gregory Scott Turner,0.248,DEM
875,North Carolina,7,U.S. Representative,IND,Mike McIntyre,0.537,DEM
876,North Carolina,7,U.S. Representative,REP,Ilario Pantano,0.46299999999999997,
877,North Carolina,8,U.S. Representative,IND,Larry Kissell,0.53,DEM
878,North Carolina,8,U.S. Representative,REP,Harold Johnson,0.43700000000000006,
879,North Carolina,8,U.S. Representative,LIB,Thomas Hill,0.03,
880,North Carolina,9,U.S. Representative,REP,Sue Myrick,0.69,
881,North Carolina,9,U.S. Representative,IND,Jeff Doctor,0.31,DEM
882,North Carolina,10,U.S. Representative,REP,Patrick McHenry,0.7120000000000001,
883,North Carolina,10,U.S. Representative,IND,Jeff Gregory,0.28800000000000003,DEM
884,North Carolina,11,U.S. Representative,IND,Heath Shuler,0.5429999999999999,DEM
885,North Carolina,11,U.S. Representative,REP,Jeff Miller,0.457,
886,North Carolina,12,U.S. Representative,IND,Mel Watt,0.639,DEM
887,North Carolina,12,U.S. Representative,REP,Greg Dority,0.341,
888,North Carolina,12,U.S. Representative,LIB,Lon Vernon Cecil,0.02,
889,North Carolina,13,U.S. Representative,IND,Brad Miller,0.555,DEM
890,North Carolina,13,U.S. Representative,REP,William Randall,0.445,
891,North Dakota,At-Large,U.S. Representative,REP,Rick Berg,0.547,
892,North Dakota,At-Large,U.S. Representative,IND,Earl Pomeroy,0.449,
893,Ohio,1,U.S. Representative,REP,Steve Chabot,0.515,
894,Ohio,1,U.S. Representative,IND,Steve Driehaus,0.46,DEM
895,Ohio,1,U.S. Representative,LIB,Jim Berns,0.015,
896,Ohio,1,U.S. Representative,IND,Rich Stevenson,0.01,
897,Ohio,2,U.S. Representative,REP,Jean Schmidt,0.585,
898,Ohio,2,U.S. Representative,IND,Surya Yalamanchili,0.34700000000000003,DEM
899,Ohio,2,U.S. Representative,LIB,Marc Johnston,0.068,
900,Ohio,3,U.S. Representative,REP,Mike Turner,0.6809999999999999,
901,Ohio,3,U.S. Representative,IND,Joe Roberts,0.319,DEM
902,Ohio,4,U.S. Representative,REP,Jim Jordan,0.715,
903,Ohio,4,U.S. Representative,IND,Doug Litt,0.247,DEM
904,Ohio,4,U.S. Representative,LIB,Donald Kissick,0.038,
905,Ohio,5,U.S. Representative,REP,Bob Latta,0.6779999999999999,
906,Ohio,5,U.S. Representative,IND,Caleb Finkenbiner,0.265,DEM
907,Ohio,5,U.S. Representative,LIB,Brian Smith,0.057,
908,Ohio,6,U.S. Representative,REP,Bill Johnson,0.502,
909,Ohio,6,U.S. Representative,IND,Charlie Wilson,0.451,DEM
910,Ohio,6,U.S. Representative,IND,Richard Cadle,0.025,
911,Ohio,6,U.S. Representative,LIB,Martin Elsass,0.022000000000000002,
912,Ohio,7,U.S. Representative,REP,Steve Austria,0.622,
913,Ohio,7,U.S. Representative,IND,Bill Conner,0.32299999999999995,DEM
914,Ohio,7,U.S. Representative,LIB,John Anderson,0.043,
915,Ohio,7,U.S. Representative,IND,David Easton,0.013000000000000001,
916,Ohio,8,U.S. Representative,REP,John Boehner,0.6559999999999999,
917,Ohio,8,U.S. Representative,IND,Justin Coussoule,0.303,DEM
918,Ohio,8,U.S. Representative,LIB,David Harlow,0.024,
919,Ohio,8,U.S. Representative,IND,James Condit,0.017,
920,Ohio,9,U.S. Representative,IND,Marcy Kaptur,0.594,DEM
921,Ohio,9,U.S. Representative,REP,Rich Iott,0.406,
922,Ohio,10,U.S. Representative,IND,Dennis Kucinich,0.53,DEM
923,Ohio,10,U.S. Representative,REP,Peter Corrigan,0.439,
924,Ohio,10,U.S. Representative,LIB,Jeff Goggins,0.031,
925,Ohio,11,U.S. Representative,IND,Marcia Fudge,0.8290000000000001,DEM
926,Ohio,11,U.S. Representative,REP,Thomas Pekarek,0.171,
927,Ohio,12,U.S. Representative,REP,Pat Tiberi,0.5579999999999999,
928,Ohio,12,U.S. Representative,IND,Paula Brooks,0.409,DEM
929,Ohio,12,U.S. Representative,LIB,Travis Irvine,0.032,
930,Ohio,13,U.S. Representative,IND,Betty Sutton,0.557,DEM
931,Ohio,13,U.S. Representative,REP,Tom Ganley,0.44299999999999995,
932,Ohio,14,U.S. Representative,REP,Steve LaTourette,0.649,
933,Ohio,14,U.S. Representative,IND,William O'Neill,0.315,DEM
934,Ohio,14,U.S. Representative,LIB,John Jelenic,0.036000000000000004,
935,Ohio,15,U.S. Representative,REP,Steve Stivers,0.541,
936,Ohio,15,U.S. Representative,IND,Mary Jo Kilroy,0.413,DEM
937,Ohio,15,U.S. Representative,LIB,William Kammerer,0.027999999999999997,
938,Ohio,15,U.S. Representative,IND,David Ryon,0.018000000000000002,
939,Ohio,16,U.S. Representative,REP,Jim Renacci,0.521,
940,Ohio,16,U.S. Representative,IND,John Boccieri,0.413,DEM
941,Ohio,16,U.S. Representative,LIB,Jeffrey Blevins,0.066,
942,Ohio,17,U.S. Representative,IND,Tim Ryan,0.539,DEM
943,Ohio,17,U.S. Representative,REP,Jim Graham,0.301,
944,Ohio,17,U.S. Representative,IND,Jim Traficant,0.16,
945,Ohio,18,U.S. Representative,REP,Bob Gibbs,0.539,
946,Ohio,18,U.S. Representative,IND,Zack Space,0.405,DEM
947,Ohio,18,U.S. Representative,IND,Lindsey Dean Sutton,0.055999999999999994,
948,Oklahoma,1,U.S. Representative,REP,John Sullivan,0.768,
949,Oklahoma,1,U.S. Representative,IND,Angelia O'Dell,0.23199999999999998,
950,Oklahoma,2,U.S. Representative,IND,Dan Boren,0.565,DEM
951,Oklahoma,2,U.S. Representative,REP,Charles Thompson,0.435,
952,Oklahoma,3,U.S. Representative,REP,Frank Lucas,0.78,
953,Oklahoma,3,U.S. Representative,IND, Frankie Robbins,0.22,DEM
954,Oklahoma,4,U.S. Representative,REP,Tom Cole,1.0,
955,Oklahoma,5,U.S. Representative,REP,James Lankford,0.625,
956,Oklahoma,5,U.S. Representative,IND,Billy Coyle,0.345,DEM
957,Oklahoma,5,U.S. Representative,IND,Clark Duffe,0.016,
958,Oklahoma,5,U.S. Representative,IND,Dave White,0.013999999999999999,
959,Oregon,1,U.S. Representative,IND,David Wu,0.5479999999999999,DEM
960,Oregon,1,U.S. Representative,REP,Rob Cornilles,0.42,
961,Oregon,1,U.S. Representative,IND,Don LaMunyon,0.013000000000000001,
962,Oregon,1,U.S. Representative,IND,Chris Henry,0.01,
963,Oregon,1,U.S. Representative,LIB,Joe Tabor,0.009000000000000001,
964,Oregon,2,U.S. Representative,REP,Greg Walden,0.741,
965,Oregon,2,U.S. Representative,IND,Joyce Segers,0.259,DEM
966,Oregon,3,U.S. Representative,IND,Earl Blumenauer,0.701,DEM
967,Oregon,3,U.S. Representative,REP,Delia Lopez,0.24600000000000002,
968,Oregon,3,U.S. Representative,LIB,Jeff Lawrence,0.03,
969,Oregon,3,U.S. Representative,IND,Michael Meo,0.023,
970,Oregon,4,U.S. Representative,IND,Peter DeFazio,0.546,DEM
971,Oregon,4,U.S. Representative,REP,Art Robinson,0.43700000000000006,
972,Oregon,4,U.S. Representative,IND,Mike Beilstein,0.017,
973,Oregon,5,U.S. Representative,IND,Kurt Schrader,0.513,DEM
974,Oregon,5,U.S. Representative,REP,Scott Bruun,0.46,
975,Oregon,5,U.S. Representative,IND,Chris Lugo,0.027000000000000003,
976,Pennsylvania,1,U.S. Representative,IND,Bob Brady,1.0,DEM
977,Pennsylvania,2,U.S. Representative,IND,Chaka Fattah,0.893,DEM
978,Pennsylvania,2,U.S. Representative,REP,Rick Hellberg,0.107,
979,Pennsylvania,3,U.S. Representative,REP,Mike Kelly,0.557,
980,Pennsylvania,3,U.S. Representative,IND,Kathy Dahlkemper,0.44299999999999995,DEM
981,Pennsylvania,4,U.S. Representative,IND,Jason Altmire,0.508,DEM
982,Pennsylvania,4,U.S. Representative,REP,Keith Rothfus,0.49200000000000005,
983,Pennsylvania,5,U.S. Representative,REP,G.T. Thompson,0.687,
984,Pennsylvania,5,U.S. Representative,IND,Michael Pipe,0.282,DEM
985,Pennsylvania,5,U.S. Representative,LIB,Vernon Etzel,0.031,
986,Pennsylvania,6,U.S. Representative,REP,Jim Gerlach,0.5710000000000001,
987,Pennsylvania,6,U.S. Representative,IND,Manan Trivedi,0.429,DEM
988,Pennsylvania,7,U.S. Representative,REP,Pat Meehan,0.5489999999999999,
989,Pennsylvania,7,U.S. Representative,IND,Bryan Lentz,0.44,DEM
990,Pennsylvania,7,U.S. Representative,IND,Jim Schneller,0.011000000000000001,
991,Pennsylvania,8,U.S. Representative,REP,Mike Fitzpatrick,0.535,
992,Pennsylvania,8,U.S. Representative,IND,Patrick Murphy,0.465,DEM
993,Pennsylvania,9,U.S. Representative,REP,Bill Shuster,0.731,
994,Pennsylvania,9,U.S. Representative,IND,Tom Conners,0.26899999999999996,DEM
995,Pennsylvania,10,U.S. Representative,REP,Tom Marino,0.552,
996,Pennsylvania,10,U.S. Representative,IND,Chris Carney,0.44799999999999995,DEM
997,Pennsylvania,11,U.S. Representative,REP,Lou Barletta,0.547,
998,Pennsylvania,11,U.S. Representative,IND,Paul Kanjorski,0.45299999999999996,DEM
999,Pennsylvania,12,U.S. Representative,IND,Mark Critz,0.508,DEM
1000,Pennsylvania,12,U.S. Representative,REP,Tim Burns,0.49200000000000005,
1001,Pennsylvania,13,U.S. Representative,IND,Allyson Schwartz,0.563,DEM
1002,Pennsylvania,13,U.S. Representative,REP,Dee Adcock,0.43700000000000006,
1003,Pennsylvania,14,U.S. Representative,IND,Mike Doyle,0.688,DEM
1004,Pennsylvania,14,U.S. Representative,REP,Melissa Haluszczak,0.282,
1005,Pennsylvania,14,U.S. Representative,IND,Ed Bortz,0.03,
1006,Pennsylvania,15,U.S. Representative,REP,Charlie Dent,0.535,
1007,Pennsylvania,15,U.S. Representative,IND,John Callahan,0.39,DEM
1008,Pennsylvania,15,U.S. Representative,IND,Jake Towne,0.075,
1009,Pennsylvania,16,U.S. Representative,REP,Joe Pitts,0.654,
1010,Pennsylvania,16,U.S. Representative,IND,Lois Herr,0.34600000000000003,DEM
1011,Pennsylvania,17,U.S. Representative,IND,Tim Holden,0.555,DEM
1012,Pennsylvania,17,U.S. Representative,REP,Dave Argall,0.445,
1013,Pennsylvania,18,U.S. Representative,REP,Tim Murphy,0.6729999999999999,
1014,Pennsylvania,18,U.S. Representative,IND,Dan Connolly,0.327,DEM
1015,Pennsylvania,19,U.S. Representative,REP,Todd Platts,0.7190000000000001,
1016,Pennsylvania,19,U.S. Representative,IND,Ryan Sanders,0.233,DEM
1017,Pennsylvania,19,U.S. Representative,IND,Joshua Monighan,0.048,
1018,Rhode Island,1,U.S. Representative,IND,David Cicilline,0.506,DEM
1019,Rhode Island,1,U.S. Representative,REP,John J. Loughlin,0.446,
1020,Rhode Island,1,U.S. Representative,IND,Kenneth Capalbo,0.04,
1021,Rhode Island,1,U.S. Representative,IND,Gregory Raposa,0.008,
1022,Rhode Island,2,U.S. Representative,IND,Jim Langevin,0.599,DEM
1023,Rhode Island,2,U.S. Representative,REP,Mark Zaccaria,0.318,
1024,Rhode Island,2,U.S. Representative,IND,John Matson,0.084,
1025,South Carolina,1,U.S. Representative,REP,Tim Scott,0.654,
1026,South Carolina,1,U.S. Representative,IND,Ben Frasier,0.287,DEM
1027,South Carolina,1,U.S. Representative,IND,Robert Burton,0.018000000000000002,
1028,South Carolina,1,U.S. Representative,IND,Bob Dobbs,0.013999999999999999,
1029,South Carolina,1,U.S. Representative,LIB,Keith Blandford,0.012,
1030,South Carolina,1,U.S. Representative,IND,Jimmy Wood,0.011000000000000001,
1031,South Carolina,1,U.S. Representative,IND,Mac McCullough,0.004,
1032,South Carolina,2,U.S. Representative,REP,Joe Wilson,0.535,
1033,South Carolina,2,U.S. Representative,IND,Rob Miller,0.43799999999999994,DEM
1034,South Carolina,2,U.S. Representative,LIB,Eddie McCain,0.016,
1035,South Carolina,2,U.S. Representative,IND,Marc Beaman,0.011000000000000001,
1036,South Carolina,3,U.S. Representative,REP,Jeff Duncan,0.625,
1037,South Carolina,3,U.S. Representative,IND,Jane Ballard Dyer,0.36200000000000004,DEM
1038,South Carolina,3,U.S. Representative,IND,John Dalen,0.013000000000000001,
1039,South Carolina,4,U.S. Representative,REP,Trey Gowdy,0.635,
1040,South Carolina,4,U.S. Representative,IND,Paul Corden,0.28800000000000003,DEM
1041,South Carolina,4,U.S. Representative,IND,Dave Edwards,0.051,
1042,South Carolina,4,U.S. Representative,LIB,Rick Mahler,0.013999999999999999,
1043,South Carolina,4,U.S. Representative,IND,Faye Walters,0.012,
1044,South Carolina,5,U.S. Representative,REP,Mick Mulvaney,0.551,
1045,South Carolina,5,U.S. Representative,IND,John Spratt,0.449,DEM
1046,South Carolina,6,U.S. Representative,IND,Jim Clyburn,0.629,DEM
1047,South Carolina,6,U.S. Representative,REP,Jim Pratt,0.364,
1048,South Carolina,6,U.S. Representative,IND,Nammu Muhammad,0.006999999999999999,
1049,South Dakota,At-Large,U.S. Representative,REP,Kristi Noem,0.48100000000000004,
1050,South Dakota,At-Large,U.S. Representative,IND,Stephanie Herseth Sandlin,0.45899999999999996,DEM
1051,South Dakota,At-Large,U.S. Representative,IND,Thomas Marking,0.06,
1052,Tennessee,1,U.S. Representative,REP,Phil Roe,0.8079999999999999,
1053,Tennessee,1,U.S. Representative,IND,Michael Clark,0.171,DEM
1054,Tennessee,1,U.S. Representative,IND,Kermit Steck,0.021,
1055,Tennessee,2,U.S. Representative,REP,Jimmy Duncan,0.8170000000000001,
1056,Tennessee,2,U.S. Representative,IND,Dave Hancock,0.147,DEM
1057,Tennessee,2,U.S. Representative,IND,Joseph Leinweber Jr.,0.013999999999999999,
1058,Tennessee,2,U.S. Representative,IND,Andy Andrew,0.012,
1059,Tennessee,2,U.S. Representative,IND,Greg Samples,0.006999999999999999,
1060,Tennessee,2,U.S. Representative,IND,H. Headings,0.003,
1061,Tennessee,3,U.S. Representative,REP,Charles Fleischmann,0.568,
1062,Tennessee,3,U.S. Representative,IND,John Wolfe Jr.,0.28,DEM
1063,Tennessee,3,U.S. Representative,IND,Savas Kyriakidis,0.105,
1064,Tennessee,3,U.S. Representative,IND,Mark DeVol,0.036000000000000004,
1065,Tennessee,3,U.S. Representative,IND,Don Barkman,0.005,
1066,Tennessee,3,U.S. Representative,IND,Gregory Goodwin,0.002,
1067,Tennessee,3,U.S. Representative,IND,Robert Humphries,0.002,
1068,Tennessee,3,U.S. Representative,IND,Mo Kiah,0.001,
1069,Tennessee,4,U.S. Representative,REP,Scott DesJarlais,0.5710000000000001,
1070,Tennessee,4,U.S. Representative,IND,Lincoln Davis,0.386,DEM
1071,Tennessee,4,U.S. Representative,IND,Paul Curtis,0.017,
1072,Tennessee,4,U.S. Representative,IND,Gerald York,0.012,
1073,Tennessee,4,U.S. Representative,IND,James Gray,0.009000000000000001,
1074,Tennessee,4,U.S. Representative,IND,Richard Johnson,0.005,
1075,Tennessee,5,U.S. Representative,IND,Jim Cooper,0.562,DEM
1076,Tennessee,5,U.S. Representative,REP,David Hall,0.42100000000000004,
1077,Tennessee,5,U.S. Representative,IND,Stephen Collings,0.003,
1078,Tennessee,5,U.S. Representative,IND,Jacqueline Miller,0.003,
1079,Tennessee,5,U.S. Representative,IND,John Smith,0.003,
1080,Tennessee,5,U.S. Representative,IND,William Crook,0.002,
1081,Tennessee,5,U.S. Representative,IND,John Miglietta,0.002,
1082,Tennessee,5,U.S. Representative,IND,James Whitfield II,0.002,
1083,Tennessee,5,U.S. Representative,IND,Nathan Harden,0.001,
1084,Tennessee,5,U.S. Representative,IND,Joe Moore,0.001,
1085,Tennessee,5,U.S. Representative,IND,Thomas Taylor,0.001,
1086,Tennessee,6,U.S. Representative,REP,Diane Black,0.6729999999999999,
1087,Tennessee,6,U.S. Representative,IND,Brett Carter,0.294,DEM
1088,Tennessee,6,U.S. Representative,IND,Jim Boyd,0.011000000000000001,
1089,Tennessee,6,U.S. Representative,IND,Tommy Hay,0.006999999999999999,
1090,Tennessee,6,U.S. Representative,IND,David Purcell,0.006999999999999999,
1091,Tennessee,6,U.S. Representative,IND,Brandon Gore,0.006,
1092,Tennessee,6,U.S. Representative,IND,Stephen Sprague,0.003,
1093,Tennessee,7,U.S. Representative,REP,Marsha Blackburn,0.7240000000000001,
1094,Tennessee,7,U.S. Representative,IND,Greg Rabidoux,0.248,DEM
1095,Tennessee,7,U.S. Representative,IND,Bill Stone,0.028999999999999998,
1096,Tennessee,8,U.S. Representative,REP,Stephen Fincher,0.59,
1097,Tennessee,8,U.S. Representative,IND,Roy Herron,0.38799999999999996,DEM
1098,Tennessee,8,U.S. Representative,IND,Donn Janes,0.015,
1099,Tennessee,8,U.S. Representative,IND,Mark Rawles,0.006999999999999999,
1100,Tennessee,9,U.S. Representative,IND,Steve Cohen,0.74,DEM
1101,Tennessee,9,U.S. Representative,REP,Charlotte Bergmann,0.251,
1102,Tennessee,9,U.S. Representative,IND,Sandra Sullivan,0.005,
1103,Tennessee,9,U.S. Representative,IND,Perry Steele,0.004,
1104,Texas,1,U.S. Representative,REP,Louie Gohmert,0.897,
1105,Texas,1,U.S. Representative,LIB,Charles Parkes,0.10300000000000001,
1106,Texas,3,U.S. Representative,REP,Sam Johnson,0.6629999999999999,
1107,Texas,3,U.S. Representative,IND,John Lingenfelder,0.313,DEM
1108,Texas,3,U.S. Representative,LIB,Christopher Claytor,0.024,
1109,Texas,4,U.S. Representative,REP,Ralph Hall,0.732,
1110,Texas,4,U.S. Representative,IND,VaLinda Hathcox,0.22,DEM
1111,Texas,4,U.S. Representative,LIB,Jim Prindle,0.025,
1112,Texas,4,U.S. Representative,IND,Shane Shepard,0.023,
1113,Texas,5,U.S. Representative,REP,Jeb Hensarling,0.705,
1114,Texas,5,U.S. Representative,IND,Tom Berry,0.275,DEM
1115,Texas,5,U.S. Representative,LIB,Ken Ashby,0.02,
1116,Texas,6,U.S. Representative,REP,Joe Barton,0.659,
1117,Texas,6,U.S. Representative,IND,David Cozad,0.312,DEM
1118,Texas,6,U.S. Representative,LIB,Byron Severns,0.028999999999999998,
1119,Texas,7,U.S. Representative,REP,John Culberson,0.8140000000000001,
1120,Texas,7,U.S. Representative,LIB,Bob Townsend,0.18,
1121,Texas,7,U.S. Representative,IND,Lisa Squiers,0.006,
1122,Texas,8,U.S. Representative,REP,Kevin Brady,0.8029999999999999,
1123,Texas,8,U.S. Representative,IND,Kent Hargett,0.172,DEM
1124,Texas,8,U.S. Representative,LIB,Bruce West,0.025,
1125,Texas,9,U.S. Representative,IND,Al Green,0.757,DEM
1126,Texas,9,U.S. Representative,REP,Steve Mueller,0.22899999999999998,
1127,Texas,9,U.S. Representative,LIB,Michael Hope,0.013999999999999999,
1128,Texas,10,U.S. Representative,REP,Michael McCaul,0.647,
1129,Texas,10,U.S. Representative,IND,Ted Ankrum,0.33,DEM
1130,Texas,10,U.S. Representative,LIB,J.P. Perkins,0.023,
1131,Texas,11,U.S. Representative,REP,Mike Conaway,0.8079999999999999,
1132,Texas,11,U.S. Representative,IND,James Quillan,0.154,DEM
1133,Texas,11,U.S. Representative,LIB,James Powell,0.027999999999999997,
1134,Texas,11,U.S. Representative,IND,Jim Howe,0.009000000000000001,
1135,Texas,12,U.S. Representative,REP,Kay Granger,0.7190000000000001,
1136,Texas,12,U.S. Representative,IND,Tracey Smith,0.251,DEM
1137,Texas,12,U.S. Representative,LIB,Matthew Sodolow,0.03,
1138,Texas,13,U.S. Representative,REP,Mac Thornberry,0.871,
1139,Texas,13,U.S. Representative,IND,Keith Dyer,0.086,
1140,Texas,13,U.S. Representative,LIB,John Burwell,0.043,
1141,Texas,14,U.S. Representative,REP,Ron Paul,0.76,
1142,Texas,14,U.S. Representative,IND,Robert Pruett,0.24,DEM
1143,Texas,15,U.S. Representative,IND,Ruben Hinojosa,0.557,DEM
1144,Texas,15,U.S. Representative,REP,Eddie Zamora,0.41600000000000004,
1145,Texas,15,U.S. Representative,LIB,Aaron Cohn,0.027000000000000003,
1146,Texas,16,U.S. Representative,IND,Silvestre Reyes,0.581,DEM
1147,Texas,16,U.S. Representative,REP,Tim Besco,0.366,
1148,Texas,16,U.S. Representative,LIB,Bill Collins,0.051,
1149,Texas,16,U.S. Representative,IND,Tim Collins,0.003,
1150,Texas,17,U.S. Representative,REP,Bill Flores,0.618,
1151,Texas,17,U.S. Representative,IND,Chet Edwards,0.366,DEM
1152,Texas,17,U.S. Representative,LIB,Richard Kelly,0.016,
1153,Texas,18,U.S. Representative,IND,Sheila Jackson Lee,0.701,DEM
1154,Texas,18,U.S. Representative,REP,John Faulk,0.273,
1155,Texas,18,U.S. Representative,LIB,Mike Taylor,0.026000000000000002,
1156,Texas,19,U.S. Representative,REP,Randy Neugebauer,0.777,
1157,Texas,19,U.S. Representative,IND,Andy Wilson,0.191,DEM
1158,Texas,19,U.S. Representative,LIB,Chip Peterson,0.032,
1159,Texas,20,U.S. Representative,IND,Charlie Gonzalez,0.636,DEM
1160,Texas,20,U.S. Representative,REP,Clayton Trotter,0.345,
1161,Texas,20,U.S. Representative,LIB,Michael Idrogo,0.019,
1162,Texas,21,U.S. Representative,REP,Lamar Smith,0.6890000000000001,
1163,Texas,21,U.S. Representative,IND,Laney Melnick,0.27899999999999997,DEM
1164,Texas,21,U.S. Representative,LIB,James Arthur Strohm,0.032,
1165,Texas,22,U.S. Representative,REP,Pete Olson,0.675,
1166,Texas,22,U.S. Representative,IND,Kesha Rogers,0.298,DEM
1167,Texas,22,U.S. Representative,LIB,Steven Susman,0.027000000000000003,
1168,Texas,23,U.S. Representative,REP,Quico Canseco,0.494,
1169,Texas,23,U.S. Representative,IND,Ciro Rodriguez,0.444,DEM
1170,Texas,23,U.S. Representative,IND,Craig Stephens,0.036000000000000004,
1171,Texas,23,U.S. Representative,LIB,Martin Nitschke,0.016,
1172,Texas,23,U.S. Representative,IND,Ed Scharf,0.009000000000000001,
1173,Texas,24,U.S. Representative,REP,Kenny Marchant,0.816,
1174,Texas,24,U.S. Representative,LIB,David Sparks,0.184,
1175,Texas,25,U.S. Representative,IND,Lloyd Doggett,0.528,DEM
1176,Texas,25,U.S. Representative,REP,Donna Campbell,0.44799999999999995,
1177,Texas,25,U.S. Representative,LIB,Jim Stutsman,0.023,
1178,Texas,26,U.S. Representative,REP,Michael Burgess,0.6709999999999999,
1179,Texas,26,U.S. Representative,IND,Neil Durrance,0.307,DEM
1180,Texas,26,U.S. Representative,LIB,Mark Boler,0.022000000000000002,
1181,Texas,27,U.S. Representative,REP,Blake Farenthold,0.479,
1182,Texas,27,U.S. Representative,IND,Solomon Ortiz,0.47100000000000003,DEM
1183,Texas,27,U.S. Representative,LIB,Ed Mishou,0.05,
1184,Texas,28,U.S. Representative,IND,Henry Cuellar,0.563,DEM
1185,Texas,28,U.S. Representative,REP,Bryan Underwood,0.42,
1186,Texas,28,U.S. Representative,LIB,Stephen Kaat,0.017,
1187,Texas,29,U.S. Representative,IND,Gene Green,0.6459999999999999,DEM
1188,Texas,29,U.S. Representative,REP,Roy Morales,0.341,
1189,Texas,29,U.S. Representative,LIB,Brad Walters,0.013000000000000001,
1190,Texas,30,U.S. Representative,IND,Eddie Bernice Johnson,0.757,DEM
1191,Texas,30,U.S. Representative,REP,Stephen Broden,0.21600000000000003,
1192,Texas,30,U.S. Representative,LIB,J. B. Oswalt,0.026000000000000002,
1193,Texas,31,U.S. Representative,REP,John Carter,0.825,
1194,Texas,31,U.S. Representative,LIB,Bill Oliver,0.175,
1195,Texas,32,U.S. Representative,REP,Pete Sessions,0.626,
1196,Texas,32,U.S. Representative,IND,Grier Raggio,0.349,DEM
1197,Texas,32,U.S. Representative,LIB,John Jay Myers,0.025,
1198,Utah,1,U.S. Representative,REP,Rob Bishop,0.6920000000000001,
1199,Utah,1,U.S. Representative,IND,Morgan Bowen,0.239,DEM
1200,Utah,1,U.S. Representative,IND,Kirk Pearson,0.047,
1201,Utah,1,U.S. Representative,LIB,Jared Paul Stratton,0.022000000000000002,
1202,Utah,2,U.S. Representative,IND,Jim Matheson,0.505,DEM
1203,Utah,2,U.S. Representative,REP,Morgan Philpot,0.461,
1204,Utah,2,U.S. Representative,IND,Randall Hinton,0.018000000000000002,
1205,Utah,2,U.S. Representative,IND,Dave Glissmeyer,0.009000000000000001,
1206,Utah,2,U.S. Representative,IND,Wayne Hill,0.006999999999999999,
1207,Utah,3,U.S. Representative,REP,Jason Chaffetz,0.723,
1208,Utah,3,U.S. Representative,IND,Karen Hyer,0.22899999999999998,DEM
1209,Utah,3,U.S. Representative,IND,Douglas Sligting,0.024,
1210,Utah,3,U.S. Representative,LIB,Jake Shannon,0.015,
1211,Utah,3,U.S. Representative,IND,Joseph Puente,0.008,
1212,Vermont,At-Large,U.S. Representative,IND,Peter Welch,0.6459999999999999,DEM
1213,Vermont,At-Large,U.S. Representative,REP,Paul Beaudry,0.32,
1214,Vermont,At-Large,U.S. Representative,IND,Gus Jaccaci,0.02,
1215,Vermont,At-Large,U.S. Representative,IND,Jane Newton,0.013999999999999999,
1216,Virginia,1,U.S. Representative,REP,Rob Wittman,0.639,
1217,Virginia,1,U.S. Representative,IND,Krystal Ball,0.348,DEM
1218,Virginia,1,U.S. Representative,IND,Glenda Gail Parker,0.012,
1219,Virginia,2,U.S. Representative,REP,Scott Rigell,0.531,
1220,Virginia,2,U.S. Representative,IND,Glenn Nye,0.425,DEM
1221,Virginia,2,U.S. Representative,IND,Kenny Golden,0.043,
1222,Virginia,3,U.S. Representative,IND,Bobby Scott,0.7,DEM
1223,Virginia,3,U.S. Representative,REP,Chuck Smith,0.272,
1224,Virginia,3,U.S. Representative,LIB,James Quigley,0.015,
1225,Virginia,3,U.S. Representative,IND,John D. Kelly,0.012,
1226,Virginia,4,U.S. Representative,REP,Randy Forbes,0.623,
1227,Virginia,4,U.S. Representative,IND, Wynne LeGrow,0.375,DEM
1228,Virginia,5,U.S. Representative,REP,Robert Hurt,0.508,
1229,Virginia,5,U.S. Representative,IND,Tom Perriello,0.47,DEM
1230,Virginia,5,U.S. Representative,IND,Jeffrey Clark,0.021,
1231,Virginia,6,U.S. Representative,REP,Bob Goodlatte,0.763,
1232,Virginia,6,U.S. Representative,IND,Jeffrey Vanke,0.13,
1233,Virginia,6,U.S. Representative,LIB,Stuart Bain,0.092,
1234,Virginia,7,U.S. Representative,REP,Eric Cantor,0.5920000000000001,
1235,Virginia,7,U.S. Representative,IND,Rick Waugh,0.341,DEM
1236,Virginia,7,U.S. Representative,IND,Floyd Bayne,0.065,
1237,Virginia,8,U.S. Representative,IND,Jim Moran,0.61,DEM
1238,Virginia,8,U.S. Representative,REP,Patrick Murphy,0.373,
1239,Virginia,8,U.S. Representative,IND,Ron Fisher,0.013999999999999999,
1240,Virginia,9,U.S. Representative,REP,Morgan Griffith,0.512,
1241,Virginia,9,U.S. Representative,IND,Rick Boucher,0.46399999999999997,DEM
1242,Virginia,9,U.S. Representative,IND,Jeremiah Heaton,0.023,
1243,Virginia,10,U.S. Representative,REP,Frank Wolf,0.629,
1244,Virginia,10,U.S. Representative,IND,Jeff Barnett,0.348,DEM
1245,Virginia,10,U.S. Representative,LIB,William Redpath,0.022000000000000002,
1246,Virginia,11,U.S. Representative,IND,Gerry Connolly,0.49200000000000005,DEM
1247,Virginia,11,U.S. Representative,REP,Keith Fimian,0.488,
1248,Virginia,11,U.S. Representative,IND,Chris DeCarlo,0.008,
1249,Virginia,11,U.S. Representative,LIB,David Dotson,0.006,
1250,Virginia,11,U.S. Representative,IND,David Gillis,0.004,
1251,Washington,1,U.S. Representative,IND,Jay Inslee,0.5770000000000001,DEM
1252,Washington,1,U.S. Representative,REP,James Watkins,0.423,
1253,Washington,2,U.S. Representative,IND,Rick Larsen,0.511,DEM
1254,Washington,2,U.S. Representative,REP,John Koster,0.489,
1255,Washington,3,U.S. Representative,REP,Jaime Herrera,0.53,
1256,Washington,3,U.S. Representative,IND,Denny Heck,0.47,DEM
1257,Washington,4,U.S. Representative,REP,Doc Hastings,0.6759999999999999,
1258,Washington,4,U.S. Representative,IND,Jay Clough,0.324,DEM
1259,Washington,5,U.S. Representative,REP,Cathy McMorris Rodgers,0.637,
1260,Washington,5,U.S. Representative,IND,Daryl Romeyn,0.363,DEM
1261,Washington,6,U.S. Representative,IND,Norm Dicks,0.58,DEM
1262,Washington,6,U.S. Representative,REP, Doug Cloud,0.42,
1263,Washington,7,U.S. Representative,IND,Jim McDermott,0.83,DEM
1264,Washington,7,U.S. Representative,IND,Bob Jeffers-Schroder,0.17,
1265,Washington,8,U.S. Representative,REP,Dave Reichert,0.521,
1266,Washington,8,U.S. Representative,IND,Suzan DelBene,0.479,DEM
1267,Washington,9,U.S. Representative,IND,Adam Smith,0.5489999999999999,DEM
1268,Washington,9,U.S. Representative,REP, Dick Muri,0.451,
1269,West Virginia,1,U.S. Representative,REP,David McKinley,0.504,
1270,West Virginia,1,U.S. Representative,IND,Mike Oliverio,0.496,DEM
1271,West Virginia,2,U.S. Representative,REP,Shelley Capito,0.685,
1272,West Virginia,2,U.S. Representative,IND,Virginia Lynch Graf,0.297,DEM
1273,West Virginia,2,U.S. Representative,IND,Phil Hudok,0.018000000000000002,
1274,West Virginia,3,U.S. Representative,IND,Nick Rahall,0.56,DEM
1275,West Virginia,3,U.S. Representative,REP,Spike Maynard,0.44,
1276,Wisconsin,1,U.S. Representative,REP,Paul Ryan,0.682,
1277,Wisconsin,1,U.S. Representative,IND,John Heckenlively,0.301,DEM
1278,Wisconsin,1,U.S. Representative,LIB,Joseph Kexel,0.016,
1279,Wisconsin,2,U.S. Representative,IND,Tammy Baldwin,0.618,DEM
1280,Wisconsin,2,U.S. Representative,REP,Chad Lee,0.382,
1281,Wisconsin,3,U.S. Representative,IND,Ron Kind,0.503,DEM
1282,Wisconsin,3,U.S. Representative,REP,Dan Kapanke,0.465,
1283,Wisconsin,3,U.S. Representative,IND,Michael Krsiean,0.032,
1284,Wisconsin,4,U.S. Representative,IND,Gwen Moore,0.69,DEM
1285,Wisconsin,4,U.S. Representative,REP,Dan Sebring,0.29600000000000004,
1286,Wisconsin,4,U.S. Representative,IND,Ahmad Ayyash,0.013999999999999999,
1287,Wisconsin,5,U.S. Representative,REP,Jim Sensenbrenner,0.693,
1288,Wisconsin,5,U.S. Representative,IND,Todd Kolosso,0.27399999999999997,DEM
1289,Wisconsin,5,U.S. Representative,IND,Robert R. Raymond,0.033,
1290,Wisconsin,6,U.S. Representative,REP,Tom Petri,0.7070000000000001,
1291,Wisconsin,6,U.S. Representative,IND,Joseph Kallas,0.293,DEM
1292,Wisconsin,7,U.S. Representative,REP,Sean Duffy,0.521,
1293,Wisconsin,7,U.S. Representative,IND,Julie Lassa,0.444,DEM
1294,Wisconsin,7,U.S. Representative,IND,Gary Kauther,0.033,
1295,Wisconsin,8,U.S. Representative,REP,Reid Ribble,0.5479999999999999,
1296,Wisconsin,8,U.S. Representative,IND,Steve Kagen,0.451,DEM
1297,Wyoming,At-Large,U.S. Representative,REP,Cynthia Lummis,0.705,
1298,Wyoming,At-Large,U.S. Representative,IND,David Wendt,0.245,DEM
1299,Wyoming,At-Large,U.S. Representative,LIB,John Love,0.05,
